Torneo|Tipo|Superficie|Round|NÃºmero sets|Jugador1|Jugador2|Ganador|Marcadores
Brisbane International|ATP250|Hard|1st Round|3|Mayer F.|Giraldo S.|Mayer F.|6-4 6-4   
Brisbane International|ATP250|Hard|1st Round|3|Benneteau J.|Nieminen J.|Nieminen J.|3-6 6-2 1-6  
Brisbane International|ATP250|Hard|1st Round|3|Nishikori K.|Matosevic M.|Nishikori K.|7-5 6-2   
Brisbane International|ATP250|Hard|1st Round|3|Mitchell B.|Baghdatis M.|Baghdatis M.|4-6 4-6   
Brisbane International|ATP250|Hard|1st Round|3|Istomin D.|Klizan M.|Istomin D.|6-1 6-2   
Brisbane International|ATP250|Hard|1st Round|3|Ito T.|Millman J.|Millman J.|4-6 1-6   
Brisbane International|ATP250|Hard|1st Round|3|Falla A.|Levine J.|Falla A.|6-1 7-6   
Brisbane International|ATP250|Hard|1st Round|3|Kudla D.|Melzer J.|Melzer J.|6-2 4-6 4-6  
Brisbane International|ATP250|Hard|1st Round|3|Robredo T.|Harrison R.|Robredo T.|6-4 7-6   
Brisbane International|ATP250|Hard|1st Round|3|Baker B.|Dimitrov G.|Dimitrov G.|3-6 6-7   
Brisbane International|ATP250|Hard|1st Round|3|Goffin D.|Ebden M.|Goffin D.|6-2 6-2   
Brisbane International|ATP250|Hard|1st Round|3|Kunitsyn I.|Hewitt L.|Hewitt L.|3-6 6-4 2-6  
Brisbane International|ATP250|Hard|2nd Round|3|Simon G.|Falla A.|Simon G.|7-6 7-6   
Brisbane International|ATP250|Hard|2nd Round|3|Mayer F.|Baghdatis M.|Baghdatis M.|4-6 2-6   
Brisbane International|ATP250|Hard|2nd Round|3|Nishikori K.|Robredo T.|Nishikori K.|6-3 6-3   
Brisbane International|ATP250|Hard|2nd Round|3|Nieminen J.|Dolgopolov O.|Dolgopolov O.|2-6 1-4   
Brisbane International|ATP250|Hard|2nd Round|3|Dimitrov G.|Raonic M.|Dimitrov G.|6-3 6-4   
Brisbane International|ATP250|Hard|2nd Round|3|Goffin D.|Melzer J.|Melzer J.|4-6 6-7   
Brisbane International|ATP250|Hard|2nd Round|3|Istomin D.|Hewitt L.|Istomin D.|7-5 7-5   
Brisbane International|ATP250|Hard|2nd Round|3|Millman J.|Murray A.|Murray A.|1-6 7-5 3-6  
Brisbane International|ATP250|Hard|Quarterfinals|3|Baghdatis M.|Simon G.|Baghdatis M.|6-3 6-4   
Brisbane International|ATP250|Hard|Quarterfinals|3|Dolgopolov O.|Nishikori K.|Nishikori K.|4-6 6-7   
Brisbane International|ATP250|Hard|Quarterfinals|3|Dimitrov G.|Melzer J.|Dimitrov G.|6-3 6-2   
Brisbane International|ATP250|Hard|Quarterfinals|3|Istomin D.|Murray A.|Murray A.|4-6 6-7   
Brisbane International|ATP250|Hard|Semifinals|3|Dimitrov G.|Baghdatis M.|Dimitrov G.|6-3 5-7 7-6  
Brisbane International|ATP250|Hard|Semifinals|3|Nishikori K.|Murray A.|Murray A.|4-6 0-2   
Brisbane International|ATP250|Hard|The Final|3|Murray A.|Dimitrov G.|Murray A.|7-6 6-4   
Chennai Open|ATP250|Hard|1st Round|3|Donskoy E.|Soeda G.|Soeda G.|1-6 2-6   
Chennai Open|ATP250|Hard|1st Round|3|Bedene A.|Sousa J.|Bedene A.|6-3 6-2   
Chennai Open|ATP250|Hard|1st Round|3|Bhambri Y.|Haase R.|Haase R.|5-7 3-6   
Chennai Open|ATP250|Hard|1st Round|3|Roger-Vasselin E.|Kuznetsov An.|Roger-Vasselin E.|6-3 6-4   
Chennai Open|ATP250|Hard|1st Round|3|Lu Y.H.|Bachinger M.|Bachinger M.|4-6 6-3 4-6  
Chennai Open|ATP250|Hard|1st Round|3|Stebe C-M.|Sijsling I.|Stebe C-M.|6-4 6-4   
Chennai Open|ATP250|Hard|1st Round|3|Rufin G.|Amritraj P.|Amritraj P.|7-6 2-6 3-6  
Chennai Open|ATP250|Hard|1st Round|3|Bautista R.|Kavcic B.|Bautista R.|7-6 6-2   
Chennai Open|ATP250|Hard|1st Round|3|Cipolla F.|Paire B.|Paire B.|3-6 4-6   
Chennai Open|ATP250|Hard|1st Round|3|Devvarman S.|Hajek J.|Devvarman S.|6-3 6-3   
Chennai Open|ATP250|Hard|1st Round|3|Ram R.|Sela D.|Sela D.|4-6 1-6   
Chennai Open|ATP250|Hard|1st Round|3|Stakhovsky S.|Bemelmans R.|Stakhovsky S.|7-6 7-6   
Chennai Open|ATP250|Hard|2nd Round|3|Haase R.|Bedene A.|Bedene A.|5-7 3-6   
Chennai Open|ATP250|Hard|2nd Round|3|Soeda G.|Amritraj P.|Soeda G.|7-6 3-6 6-4  
Chennai Open|ATP250|Hard|2nd Round|3|Roger-Vasselin E.|Tipsarevic J.|Tipsarevic J.|2-6 3-6   
Chennai Open|ATP250|Hard|2nd Round|3|Wawrinka S.|Stebe C-M.|Wawrinka S.|6-4 6-3   
Chennai Open|ATP250|Hard|2nd Round|3|Sela D.|Paire B.|Paire B.|1-6 0-6   
Chennai Open|ATP250|Hard|2nd Round|3|Cilic M.|Stakhovsky S.|Cilic M.|4-6 6-2 6-3  
Chennai Open|ATP250|Hard|2nd Round|3|Bachinger M.|Bautista R.|Bautista R.|6-7 3-6   
Chennai Open|ATP250|Hard|2nd Round|3|Berdych T.|Devvarman S.|Berdych T.|6-3 6-1   
Chennai Open|ATP250|Hard|Quarterfinals|3|Cilic M.|Paire B.|Paire B.|4-6 6-1 5-7  
Chennai Open|ATP250|Hard|Quarterfinals|3|Bedene A.|Wawrinka S.|Bedene A.|6-2 7-6   
Chennai Open|ATP250|Hard|Quarterfinals|3|Soeda G.|Tipsarevic J.|Tipsarevic J.|2-6 4-6   
Chennai Open|ATP250|Hard|Quarterfinals|3|Bautista R.|Berdych T.|Bautista R.|7-5 2-6 6-3  
Chennai Open|ATP250|Hard|Semifinals|3|Bedene A.|Tipsarevic J.|Tipsarevic J.|6-4 2-6 2-6  
Chennai Open|ATP250|Hard|Semifinals|3|Bautista R.|Paire B.|Bautista R.|3-6 6-1 6-4  
Chennai Open|ATP250|Hard|The Final|3|Bautista R.|Tipsarevic J.|Tipsarevic J.|6-3 1-6 3-6  
Qatar Exxon Mobil Open|ATP250|Hard|1st Round|3|Bolelli S.|Gimeno-Traver D.|Bolelli S.|6-3 6-7 7-6  
Qatar Exxon Mobil Open|ATP250|Hard|1st Round|3|Ramos A.|Lorenzi P.|Lorenzi P.|6-7 1-6   
Qatar Exxon Mobil Open|ATP250|Hard|1st Round|3|Davydenko N.|Hanescu V.|Davydenko N.|6-2 6-3   
Qatar Exxon Mobil Open|ATP250|Hard|1st Round|3|Fognini F.|Zemlja G.|Zemlja G.|2-6 6-3 4-6  
Qatar Exxon Mobil Open|ATP250|Hard|1st Round|3|Troicki V.|Phau B.|Troicki V.|6-3 3-6 6-4  
Qatar Exxon Mobil Open|ATP250|Hard|1st Round|3|Dodig I.|Kohlschreiber P.|Kohlschreiber P.|6-7 1-6   
Qatar Exxon Mobil Open|ATP250|Hard|1st Round|3|Lacko L.|Garcia-Lopez G.|Lacko L.|6-1 2-6 6-4  
Qatar Exxon Mobil Open|ATP250|Hard|1st Round|3|Andujar P.|Rosol L.|Rosol L.|2-6 6-7   
Qatar Exxon Mobil Open|ATP250|Hard|1st Round|3|Youzhny M.|Becker B.|Youzhny M.|4-6 7-6 6-1  
Qatar Exxon Mobil Open|ATP250|Hard|1st Round|3|Chardy J.|Brands D.|Brands D.|4-6 4-6   
Qatar Exxon Mobil Open|ATP250|Hard|1st Round|3|Gasquet R.|Hernych J.|Gasquet R.|6-3 6-4   
Qatar Exxon Mobil Open|ATP250|Hard|1st Round|3|Zayed M. S.|Monfils G.|Monfils G.|0-6 3-6   
Qatar Exxon Mobil Open|ATP250|Hard|1st Round|3|Kamke T.|Ramirez-Hidalgo R.|Kamke T.|6-1 6-2   
Qatar Exxon Mobil Open|ATP250|Hard|1st Round|3|Brown D.|Ferrer D.|Ferrer D.|7-5 3-6 2-6  
Qatar Exxon Mobil Open|ATP250|Hard|1st Round|3|Kubot L.|Lopez F.|Kubot L.|6-4 6-2   
Qatar Exxon Mobil Open|ATP250|Hard|2nd Round|3|Safwat M.|Brands D.|Brands D.|6-4 3-6 2-6  
Qatar Exxon Mobil Open|ATP250|Hard|2nd Round|3|Lorenzi P.|Rosol L.|Lorenzi P.|6-0 6-4   
Qatar Exxon Mobil Open|ATP250|Hard|2nd Round|3|Youzhny M.|Davydenko N.|Davydenko N.|5-7 3-6   
Qatar Exxon Mobil Open|ATP250|Hard|2nd Round|3|Bolelli S.|Kubot L.|Bolelli S.|2-6 6-4 6-4  
Qatar Exxon Mobil Open|ATP250|Hard|2nd Round|3|Kohlschreiber P.|Monfils G.|Monfils G.|4-6 6-2 4-6  
Qatar Exxon Mobil Open|ATP250|Hard|2nd Round|3|Lacko L.|Troicki V.|Lacko L.|6-3 7-5   
Qatar Exxon Mobil Open|ATP250|Hard|2nd Round|3|Zemlja G.|Gasquet R.|Gasquet R.|7-6 4-6 6-7  
Qatar Exxon Mobil Open|ATP250|Hard|2nd Round|3|Ferrer D.|Kamke T.|Ferrer D.|6-3 6-2   
Qatar Exxon Mobil Open|ATP250|Hard|Quarterfinals|3|Monfils G.|Brands D.|Brands D.|1-6 5-7   
Qatar Exxon Mobil Open|ATP250|Hard|Quarterfinals|3|Gasquet R.|Lacko L.|Gasquet R.|6-1 6-3   
Qatar Exxon Mobil Open|ATP250|Hard|Quarterfinals|3|Lorenzi P.|Ferrer D.|Ferrer D.|3-6 0-6   
Qatar Exxon Mobil Open|ATP250|Hard|Quarterfinals|3|Davydenko N.|Bolelli S.|Davydenko N.|6-1 6-1   
Qatar Exxon Mobil Open|ATP250|Hard|Semifinals|3|Brands D.|Gasquet R.|Gasquet R.|5-7 5-7   
Qatar Exxon Mobil Open|ATP250|Hard|Semifinals|3|Davydenko N.|Ferrer D.|Davydenko N.|6-2 6-3   
Qatar Exxon Mobil Open|ATP250|Hard|The Final|3|Davydenko N.|Gasquet R.|Gasquet R.|6-3 6-7 3-6  
Heineken Open|ATP250|Hard|1st Round|3|Bellucci T.|Goffin D.|Bellucci T.|7-6 6-2   
Heineken Open|ATP250|Hard|1st Round|3|Klizan M.|Malisse X.|Malisse X.|6-7 6-3 3-6  
Heineken Open|ATP250|Hard|1st Round|3|Rochus O.|Ramos A.|Rochus O.|6-2 5-7 6-2  
Heineken Open|ATP250|Hard|1st Round|3|Janowicz J.|Baker B.|Baker B.|6-4 6-7 4-6  
Heineken Open|ATP250|Hard|1st Round|3|Sijsling I.|Haase R.|Sijsling I.|3-6 6-3 7-5  
Heineken Open|ATP250|Hard|1st Round|3|Lorenzi P.|Lacko L.|Lacko L.|3-6 3-6   
Heineken Open|ATP250|Hard|1st Round|3|Giraldo S.|Soeda G.|Giraldo S.|6-1 6-0   
Heineken Open|ATP250|Hard|1st Round|3|Melzer J.|Jones G.|Jones G.|6-7 2-6   
Heineken Open|ATP250|Hard|1st Round|3|Falla A.|Zemlja G.|Falla A.|6-4 3-1   
Heineken Open|ATP250|Hard|1st Round|3|King-Turner D.|Levine J.|Levine J.|2-6 2-6   
Heineken Open|ATP250|Hard|1st Round|3|Monfils G.|Becker B.|Monfils G.|6-7 6-3 6-4  
Heineken Open|ATP250|Hard|1st Round|3|Paire B.|Lu Y.H.|Lu Y.H.|3-6 6-2 2-6  
Heineken Open|ATP250|Hard|2nd Round|3|Querrey S.|Rochus O.|Querrey S.|7-5 6-3   
Heineken Open|ATP250|Hard|2nd Round|3|Giraldo S.|Malisse X.|Malisse X.|6-7 4-6   
Heineken Open|ATP250|Hard|2nd Round|3|Kohlschreiber P.|Falla A.|Kohlschreiber P.|7-6 4-6 6-3  
Heineken Open|ATP250|Hard|2nd Round|3|Bellucci T.|Lacko L.|Lacko L.|3-6 5-7   
Heineken Open|ATP250|Hard|2nd Round|3|Levine J.|Baker B.|Levine J.|7-5 6-4   
Heineken Open|ATP250|Hard|2nd Round|3|Jones G.|Monfils G.|Monfils G.|4-6 2-6   
Heineken Open|ATP250|Hard|2nd Round|3|Haas T.|Sijsling I.|Haas T.|6-3 6-4   
Heineken Open|ATP250|Hard|2nd Round|3|Lu Y.H.|Ferrer D.|Ferrer D.|4-6 6-2 3-6  
Heineken Open|ATP250|Hard|Quarterfinals|3|Kohlschreiber P.|Malisse X.|Kohlschreiber P.|7-6 6-4   
Heineken Open|ATP250|Hard|Quarterfinals|3|Levine J.|Querrey S.|Querrey S.|4-6 6-7   
Heineken Open|ATP250|Hard|Quarterfinals|3|Ferrer D.|Lacko L.|Ferrer D.|6-2 6-1   
Heineken Open|ATP250|Hard|Quarterfinals|3|Haas T.|Monfils G.|Monfils G.|6-3 5-7 3-6  
Heineken Open|ATP250|Hard|Semifinals|3|Kohlschreiber P.|Querrey S.|Kohlschreiber P.|6-4 7-6   
Heineken Open|ATP250|Hard|Semifinals|3|Monfils G.|Ferrer D.|Ferrer D.|1-6 2-6   
Heineken Open|ATP250|Hard|The Final|3|Ferrer D.|Kohlschreiber P.|Ferrer D.|7-6 6-1   
Apia International|ATP250|Hard|1st Round|3|Duckworth J.|Istomin D.|Istomin D.|7-6 4-6 6-7  
Apia International|ATP250|Hard|1st Round|3|Granollers M.|Ebden M.|Granollers M.|5-7 7-5 6-1  
Apia International|ATP250|Hard|1st Round|3|Sousa J.|Mayer F.|Mayer F.|1-6 2-6   
Apia International|ATP250|Hard|1st Round|3|Benneteau J.|Andujar P.|Benneteau J.|6-3 5-7 6-2  
Apia International|ATP250|Hard|1st Round|3|Chardy J.|Lopez F.|Lopez F.|7-6 5-7 3-6  
Apia International|ATP250|Hard|1st Round|3|Stepanek R.|Garcia-Lopez G.|Stepanek R.|6-2 6-3   
Apia International|ATP250|Hard|1st Round|3|Robredo T.|Millman J.|Millman J.|3-6 4-6   
Apia International|ATP250|Hard|1st Round|3|Nieminen J.|Phau B.|Nieminen J.|6-0 6-1   
Apia International|ATP250|Hard|1st Round|3|Bedene A.|Anderson K.|Anderson K.|3-6 6-3 3-6  
Apia International|ATP250|Hard|1st Round|3|Fognini F.|Dimitrov G.|Fognini F.|6-3 6-1   
Apia International|ATP250|Hard|1st Round|3|Bautista R.|Harrison R.|Harrison R.|1-2    
Apia International|ATP250|Hard|1st Round|3|Tomic B.|Matosevic M.|Tomic B.|6-3 6-4   
Apia International|ATP250|Hard|2nd Round|3|Stepanek R.|Benneteau J.|Benneteau J.|    
Apia International|ATP250|Hard|2nd Round|3|Istomin D.|Verdasco F.|Istomin D.|6-3 6-3   
Apia International|ATP250|Hard|2nd Round|3|Fognini F.|Granollers M.|Granollers M.|2-6 6-7   
Apia International|ATP250|Hard|2nd Round|3|Anderson K.|Lopez F.|Anderson K.|6-3 6-4   
Apia International|ATP250|Hard|2nd Round|3|Isner J.|Harrison R.|Harrison R.|4-6 4-6   
Apia International|ATP250|Hard|2nd Round|3|Nieminen J.|Klec I.|Nieminen J.|6-3 6-1   
Apia International|ATP250|Hard|2nd Round|3|Millman J.|Seppi A.|Seppi A.|2-6 6-3 3-6  
Apia International|ATP250|Hard|2nd Round|3|Tomic B.|Mayer F.|Tomic B.|7-6 6-2   
Apia International|ATP250|Hard|Quarterfinals|3|Istomin D.|Anderson K.|Anderson K.|4-6 3-6   
Apia International|ATP250|Hard|Quarterfinals|3|Benneteau J.|Harrison R.|Benneteau J.|6-4 6-2   
Apia International|ATP250|Hard|Quarterfinals|3|Nieminen J.|Tomic B.|Tomic B.|7-6 4-6 2-6  
Apia International|ATP250|Hard|Quarterfinals|3|Seppi A.|Granollers M.|Seppi A.|6-4 7-5   
Apia International|ATP250|Hard|Semifinals|3|Benneteau J.|Anderson K.|Anderson K.|6-3 4-6 6-7  
Apia International|ATP250|Hard|Semifinals|3|Tomic B.|Seppi A.|Tomic B.|7-6 6-4   
Apia International|ATP250|Hard|The Final|3|Anderson K.|Tomic B.|Tomic B.|3-6 7-6 3-6  
Australian Open|Grand Slam|Hard|1st Round|5|Almagro N.|Johnson S.|Almagro N.|7-5 6-7 6-2 6-7 6-2
Australian Open|Grand Slam|Hard|1st Round|5|Hanescu V.|Nishikori K.|Nishikori K.|7-6 3-6 1-6 3-6 
Australian Open|Grand Slam|Hard|1st Round|5|Rufin G.|Reister J.|Rufin G.|4-6 7-6 6-1 6-2 
Australian Open|Grand Slam|Hard|1st Round|5|Authom M.|Berlocq C.|Berlocq C.|6-1 6-7 6-7 2-6 
Australian Open|Grand Slam|Hard|1st Round|5|Benneteau J.|Dimitrov G.|Benneteau J.|6-4 6-2 6-4  
Australian Open|Grand Slam|Hard|1st Round|5|Kubot L.|Gimeno-Traver D.|Gimeno-Traver D.|7-6 4-6 0-6 6-4 4-6
Australian Open|Grand Slam|Hard|1st Round|5|Roger-Vasselin E.|Bemelmans R.|Roger-Vasselin E.|6-3 6-7 2-6 7-5 11-9
Australian Open|Grand Slam|Hard|1st Round|5|Andujar P.|Malisse X.|Malisse X.|3-6 1-6 2-6  
Australian Open|Grand Slam|Hard|1st Round|5|Verdasco F.|Goffin D.|Verdasco F.|6-3 3-6 4-6 6-3 6-4
Australian Open|Grand Slam|Hard|1st Round|5|Stebe C.M.|Wawrinka S.|Wawrinka S.|2-6 4-6 3-6  
Australian Open|Grand Slam|Hard|1st Round|5|Harrison R.|Giraldo S.|Harrison R.|2-6 6-4 7-5 6-4 
Australian Open|Grand Slam|Hard|1st Round|5|Ungur A.|Donskoy E.|Donskoy E.|4-6 4-6 2-6  
Australian Open|Grand Slam|Hard|1st Round|5|Berdych T.|Russell M.|Berdych T.|6-3 7-5 6-3  
Australian Open|Grand Slam|Hard|1st Round|5|Mathieu P.H.|Djokovic N.|Djokovic N.|2-6 4-6 5-7  
Australian Open|Grand Slam|Hard|1st Round|5|Youzhny M.|Ebden M.|Youzhny M.|4-6 6-7 6-2 7-6 6-3
Australian Open|Grand Slam|Hard|1st Round|5|Kukushkin M.|Melzer J.|Melzer J.|1-6 1-6 2-6  
Australian Open|Grand Slam|Hard|1st Round|5|Kamke T.|Cipolla F.|Kamke T.|6-1 6-4 6-1  
Australian Open|Grand Slam|Hard|1st Round|5|Bogomolov A.|Baker B.|Baker B.|6-7 3-6 7-6 6-3 2-6
Australian Open|Grand Slam|Hard|1st Round|5|Smyczek T.|Karlovic I.|Smyczek T.|6-4 7-6 7-5  
Australian Open|Grand Slam|Hard|1st Round|5|Phau B.|Devvarman S.|Devvarman S.|3-6 2-6 3-6  
Australian Open|Grand Slam|Hard|1st Round|5|Kuznetsov An.|Monaco J.|Kuznetsov An.|7-6 6-1 6-1  
Australian Open|Grand Slam|Hard|1st Round|5|Brugues-Davi A.|Lopez F.|Lopez F.|3-6 2-6 4-6  
Australian Open|Grand Slam|Hard|1st Round|5|Ito T.|Millman J.|Ito T.|6-4 6-4 3-6 0-6 7-5
Australian Open|Grand Slam|Hard|1st Round|5|Bolelli S.|Janowicz J.|Janowicz J.|5-7 4-6 3-6  
Australian Open|Grand Slam|Hard|1st Round|5|Ferrer D.|Rochus O.|Ferrer D.|6-3 6-4 6-2  
Australian Open|Grand Slam|Hard|1st Round|5|Muller G.|Lacko L.|Lacko L.|2-6 4-6 6-7  
Australian Open|Grand Slam|Hard|1st Round|5|Stepanek R.|Troicki V.|Stepanek R.|5-7 4-6 6-3 6-3 7-5
Australian Open|Grand Slam|Hard|1st Round|5|Fognini F.|Bautista R.|Bautista R.|0-6 6-2 4-6 6-3 1-6
Australian Open|Grand Slam|Hard|1st Round|5|Querrey S.|Munoz-De La Nava D.|Querrey S.|6-7 6-4 6-2 6-4 
Australian Open|Grand Slam|Hard|1st Round|5|Hewitt L.|Tipsarevic J.|Tipsarevic J.|6-7 5-7 3-6  
Australian Open|Grand Slam|Hard|1st Round|5|Anderson K.|Lorenzi P.|Anderson K.|3-6 7-6 6-3 6-4 
Australian Open|Grand Slam|Hard|1st Round|5|Ramos A.|Baghdatis M.|Baghdatis M.|7-6 6-7 4-6 6-3 3-6
Australian Open|Grand Slam|Hard|1st Round|5|Murray A.|Haase R.|Murray A.|6-3 6-1 6-3  
Australian Open|Grand Slam|Hard|1st Round|5|Bellucci T.|Kavcic B.|Kavcic B.|3-6 1-6 3-6  
Australian Open|Grand Slam|Hard|1st Round|5|Mayer F.|Williams R.|Mayer F.|2-6 3-6 6-2 7-6 6-1
Australian Open|Grand Slam|Hard|1st Round|5|Smith J.P.|Sousa J.|Sousa J.|4-6 1-6 4-6  
Australian Open|Grand Slam|Hard|1st Round|5|Berankis R.|Stakhovsky S.|Berankis R.|6-2 7-6 7-5  
Australian Open|Grand Slam|Hard|1st Round|5|Zeballos H.|Seppi A.|Seppi A.|2-6 4-6 2-6  
Australian Open|Grand Slam|Hard|1st Round|5|Istomin D.|Sijsling I.|Istomin D.|4-6 6-3 6-4 6-2 
Australian Open|Grand Slam|Hard|1st Round|5|Hajek J.|Raonic M.|Raonic M.|6-3 1-6 2-6 6-7 
Australian Open|Grand Slam|Hard|1st Round|5|Soeda G.|Saville L.|Soeda G.|6-7 6-3 6-2 6-3 
Australian Open|Grand Slam|Hard|1st Round|5|Mitchell B.|Duckworth J.|Duckworth J.|4-6 6-7 6-4 7-5 6-8
Australian Open|Grand Slam|Hard|1st Round|5|Falla A.|Ouanna J.|Falla A.|6-4 7-5 6-4  
Australian Open|Grand Slam|Hard|1st Round|5|Menendez-Maceiras A.|Chardy J.|Chardy J.|6-7 7-6 2-6 1-6 
Australian Open|Grand Slam|Hard|1st Round|5|Weintraub A.|Pella G.|Weintraub A.|7-6 7-5 6-2  
Australian Open|Grand Slam|Hard|1st Round|5|Darcis S.|Kohlschreiber P.|Kohlschreiber P.|2-6 3-6 4-6  
Australian Open|Grand Slam|Hard|1st Round|5|Tsonga J.W.|Llodra M.|Tsonga J.W.|6-4 7-5 6-2  
Australian Open|Grand Slam|Hard|1st Round|5|Paire B.|Federer R.|Federer R.|2-6 4-6 1-6  
Australian Open|Grand Slam|Hard|1st Round|5|Levine J.|Robredo T.|Levine J.|7-6 6-7 6-4 6-4 
Australian Open|Grand Slam|Hard|1st Round|5|Wu D.|Dodig I.|Dodig I.|5-7 6-4 3-6 3-6 
Australian Open|Grand Slam|Hard|1st Round|5|Granollers M.|Zemlja G.|Granollers M.|7-6 7-6 1-0  
Australian Open|Grand Slam|Hard|1st Round|5|Matosevic M.|Cilic M.|Cilic M.|4-6 5-7 2-6  
Australian Open|Grand Slam|Hard|1st Round|5|Rosol L.|Baker J.|Rosol L.|7-6 7-5 6-2  
Australian Open|Grand Slam|Hard|1st Round|5|Mannarino A.|Del Potro J.M.|Del Potro J.M.|1-6 2-6 2-6  
Australian Open|Grand Slam|Hard|1st Round|5|Nieminen J.|Haas T.|Nieminen J.|7-6 4-6 6-3 4-6 8-6
Australian Open|Grand Slam|Hard|1st Round|5|Bedene A.|Becker B.|Becker B.|6-4 3-6 5-7 6-7 
Australian Open|Grand Slam|Hard|1st Round|5|Simon G.|Volandri F.|Simon G.|2-6 6-3 6-2 6-2 
Australian Open|Grand Slam|Hard|1st Round|5|Ramirez-Hidalgo R.|Lu Y.H.|Lu Y.H.|2-6 1-6 6-4 1-6 
Australian Open|Grand Slam|Hard|1st Round|5|Gasquet R.|Montanes A.|Gasquet R.|7-5 6-2 6-1  
Australian Open|Grand Slam|Hard|1st Round|5|Sela D.|Davydenko N.|Davydenko N.|6-3 1-6 5-7 3-6 
Australian Open|Grand Slam|Hard|1st Round|5|Ram R.|Garcia-Lopez G.|Ram R.|6-4 6-4 3-6 6-2 
Australian Open|Grand Slam|Hard|1st Round|5|Klizan M.|Brands D.|Brands D.|3-6 6-3 3-6 4-6 
Australian Open|Grand Slam|Hard|1st Round|5|Monfils G.|Dolgopolov O.|Monfils G.|6-7 7-6 6-3 6-3 
Australian Open|Grand Slam|Hard|1st Round|5|Mayer L.|Tomic B.|Tomic B.|3-6 2-6 3-6  
Australian Open|Grand Slam|Hard|2nd Round|5|Almagro N.|Gimeno-Traver D.|Almagro N.|6-4 6-1 6-2  
Australian Open|Grand Slam|Hard|2nd Round|5|Berlocq C.|Nishikori K.|Nishikori K.|6-7 4-6 1-6  
Australian Open|Grand Slam|Hard|2nd Round|5|Janowicz J.|Devvarman S.|Janowicz J.|6-7 3-6 6-1 6-0 7-5
Australian Open|Grand Slam|Hard|2nd Round|5|Baker B.|Querrey S.|Querrey S.|7-6 1-1   
Australian Open|Grand Slam|Hard|2nd Round|5|Melzer J.|Bautista R.|Melzer J.|6-7 6-3 6-7 6-3 6-2
Australian Open|Grand Slam|Hard|2nd Round|5|Rufin G.|Berdych T.|Berdych T.|2-6 2-6 4-6  
Australian Open|Grand Slam|Hard|2nd Round|5|Donskoy E.|Youzhny M.|Donskoy E.|3-6 7-6 6-2 3-6 6-3
Australian Open|Grand Slam|Hard|2nd Round|5|Kamke T.|Wawrinka S.|Wawrinka S.|3-6 6-7   
Australian Open|Grand Slam|Hard|2nd Round|5|Ferrer D.|Smyczek T.|Ferrer D.|6-0 7-5 4-6 6-3 
Australian Open|Grand Slam|Hard|2nd Round|5|Ito T.|Baghdatis M.|Baghdatis M.|6-3 3-6 2-6 2-6 
Australian Open|Grand Slam|Hard|2nd Round|5|Benneteau J.|Roger-Vasselin E.|Benneteau J.|4-6 7-5 7-6 7-6 
Australian Open|Grand Slam|Hard|2nd Round|5|Lopez F.|Stepanek R.|Stepanek R.|2-6 2-6 4-6  
Australian Open|Grand Slam|Hard|2nd Round|5|Tipsarevic J.|Lacko L.|Tipsarevic J.|6-3 6-4 3-6 4-6 7-5
Australian Open|Grand Slam|Hard|2nd Round|5|Kuznetsov An.|Anderson K.|Anderson K.|1-6 5-7 4-6  
Australian Open|Grand Slam|Hard|2nd Round|5|Verdasco F.|Malisse X.|Verdasco F.|6-1 6-3 6-2  
Australian Open|Grand Slam|Hard|2nd Round|5|Harrison R.|Djokovic N.|Djokovic N.|1-6 2-6 3-6  
Australian Open|Grand Slam|Hard|2nd Round|5|Berankis R.|Mayer F.|Berankis R.|6-2 6-3 6-1  
Australian Open|Grand Slam|Hard|2nd Round|5|Istomin D.|Seppi A.|Seppi A.|6-7 7-5 7-6 6-7 2-6
Australian Open|Grand Slam|Hard|2nd Round|5|Tsonga J.W.|Soeda G.|Tsonga J.W.|6-3 7-6 6-3  
Australian Open|Grand Slam|Hard|2nd Round|5|Weintraub A.|Kohlschreiber P.|Kohlschreiber P.|2-6 6-7 4-6  
Australian Open|Grand Slam|Hard|2nd Round|5|Kavcic B.|Duckworth J.|Kavcic B.|3-6 6-3 6-4 6-7 10-8
Australian Open|Grand Slam|Hard|2nd Round|5|Rosol L.|Raonic M.|Raonic M.|6-7 2-6 3-6  
Australian Open|Grand Slam|Hard|2nd Round|5|Murray A.|Sousa J.|Murray A.|6-2 6-2 6-4  
Australian Open|Grand Slam|Hard|2nd Round|5|Brands D.|Tomic B.|Tomic B.|7-6 5-7 6-7 6-7 
Australian Open|Grand Slam|Hard|2nd Round|5|Chardy J.|Granollers M.|Chardy J.|6-3 3-6 6-1 6-2 
Australian Open|Grand Slam|Hard|2nd Round|5|Ram R.|Cilic M.|Cilic M.|5-7 2-6 4-6  
Australian Open|Grand Slam|Hard|2nd Round|5|Simon G.|Levine J.|Simon G.|2-6 6-3 7-6 6-2 
Australian Open|Grand Slam|Hard|2nd Round|5|Lu Y.H.|Monfils G.|Monfils G.|6-7 6-4 6-0 1-6 6-8
Australian Open|Grand Slam|Hard|2nd Round|5|Dodig I.|Nieminen J.|Dodig I.|6-3 6-7 6-3 6-7 6-1
Australian Open|Grand Slam|Hard|2nd Round|5|Davydenko N.|Federer R.|Federer R.|3-6 4-6 4-6  
Australian Open|Grand Slam|Hard|2nd Round|5|Del Potro J.M.|Becker B.|Del Potro J.M.|6-2 6-4 6-2  
Australian Open|Grand Slam|Hard|2nd Round|5|Falla A.|Gasquet R.|Gasquet R.|3-6 2-6 2-6  
Australian Open|Grand Slam|Hard|3rd Round|5|Tipsarevic J.|Benneteau J.|Tipsarevic J.|3-6 6-4 2-6 6-4 6-3
Australian Open|Grand Slam|Hard|3rd Round|5|Stepanek R.|Djokovic N.|Djokovic N.|4-6 3-6 5-7  
Australian Open|Grand Slam|Hard|3rd Round|5|Anderson K.|Verdasco F.|Anderson K.|4-6 6-3 4-6 7-6 6-2
Australian Open|Grand Slam|Hard|3rd Round|5|Janowicz J.|Almagro N.|Almagro N.|6-7 6-7 1-6  
Australian Open|Grand Slam|Hard|3rd Round|5|Nishikori K.|Donskoy E.|Nishikori K.|7-6 6-2 6-3  
Australian Open|Grand Slam|Hard|3rd Round|5|Querrey S.|Wawrinka S.|Wawrinka S.|6-7 5-7 4-6  
Australian Open|Grand Slam|Hard|3rd Round|5|Berdych T.|Melzer J.|Berdych T.|6-3 6-2 6-2  
Australian Open|Grand Slam|Hard|3rd Round|5|Baghdatis M.|Ferrer D.|Ferrer D.|4-6 2-6 3-6  
Australian Open|Grand Slam|Hard|3rd Round|5|Gasquet R.|Dodig I.|Gasquet R.|4-6 6-3 7-6 6-0 
Australian Open|Grand Slam|Hard|3rd Round|5|Del Potro J.M.|Chardy J.|Chardy J.|3-6 3-6 7-6 6-3 3-6
Australian Open|Grand Slam|Hard|3rd Round|5|Seppi A.|Cilic M.|Seppi A.|6-7 6-3 2-6 6-4 6-2
Australian Open|Grand Slam|Hard|3rd Round|5|Berankis R.|Murray A.|Murray A.|3-6 4-6 5-7  
Australian Open|Grand Slam|Hard|3rd Round|5|Tsonga J.W.|Kavcic B.|Tsonga J.W.|6-2 6-1 6-4  
Australian Open|Grand Slam|Hard|3rd Round|5|Kohlschreiber P.|Raonic M.|Raonic M.|6-7 3-6 4-6  
Australian Open|Grand Slam|Hard|3rd Round|5|Federer R.|Tomic B.|Federer R.|6-4 7-6 6-1  
Australian Open|Grand Slam|Hard|3rd Round|5|Monfils G.|Simon G.|Simon G.|4-6 4-6 6-4 6-1 6-8
Australian Open|Grand Slam|Hard|4th Round|5|Ferrer D.|Nishikori K.|Ferrer D.|6-2 6-1 6-4  
Australian Open|Grand Slam|Hard|4th Round|5|Tipsarevic J.|Almagro N.|Almagro N.|2-6 1-5   
Australian Open|Grand Slam|Hard|4th Round|5|Berdych T.|Anderson K.|Berdych T.|6-3 6-2 7-6  
Australian Open|Grand Slam|Hard|4th Round|5|Wawrinka S.|Djokovic N.|Djokovic N.|6-1 5-7 4-6 7-6 10-12
Australian Open|Grand Slam|Hard|4th Round|5|Chardy J.|Seppi A.|Chardy J.|5-7 6-3 6-2 6-2 
Australian Open|Grand Slam|Hard|4th Round|5|Gasquet R.|Tsonga J.W.|Tsonga J.W.|4-6 6-3 3-6 2-6 
Australian Open|Grand Slam|Hard|4th Round|5|Murray A.|Simon G.|Murray A.|6-3 6-1 6-3  
Australian Open|Grand Slam|Hard|4th Round|5|Raonic M.|Federer R.|Federer R.|4-6 6-7 2-6  
Australian Open|Grand Slam|Hard|Quarterfinals|5|Ferrer D.|Almagro N.|Ferrer D.|4-6 4-6 7-5 7-6 6-2
Australian Open|Grand Slam|Hard|Quarterfinals|5|Berdych T.|Djokovic N.|Djokovic N.|1-6 6-4 1-6 4-6 
Australian Open|Grand Slam|Hard|Quarterfinals|5|Murray A.|Chardy J.|Murray A.|6-4 6-1 6-2  
Australian Open|Grand Slam|Hard|Quarterfinals|5|Tsonga J.W.|Federer R.|Federer R.|6-7 6-4 6-7 6-3 3-6
Australian Open|Grand Slam|Hard|Semifinals|5|Djokovic N.|Ferrer D.|Djokovic N.|6-2 6-2 6-1  
Australian Open|Grand Slam|Hard|Semifinals|5|Federer R.|Murray A.|Murray A.|4-6 7-6 3-6 7-6 2-6
Australian Open|Grand Slam|Hard|The Final|5|Djokovic N.|Murray A.|Djokovic N.|6-7 7-6 6-3 6-2 
Open Sud de France|ATP250|Hard|1st Round|3|Mannarino A.|Darcis S.|Darcis S.|4-6 6-7   
Open Sud de France|ATP250|Hard|1st Round|3|Hajek J.|Sela D.|Hajek J.|2-6 7-5 6-1  
Open Sud de France|ATP250|Hard|1st Round|3|Serra F.|Nieminen J.|Nieminen J.|3-6 2-6   
Open Sud de France|ATP250|Hard|1st Round|3|Hanescu V.|Olaso G.|Hanescu V.|6-1 7-6   
Open Sud de France|ATP250|Hard|1st Round|3|Menendez-Maceiras A.|Paire B.|Paire B.|0-6 2-6   
Open Sud de France|ATP250|Hard|1st Round|3|Monfils G.|Bemelmans R.|Monfils G.|7-5 6-4   
Open Sud de France|ATP250|Hard|1st Round|3|Mathieu P.H.|Stakhovsky S.|Stakhovsky S.|4-6 4-6   
Open Sud de France|ATP250|Hard|1st Round|3|Troicki V.|Pouille L.|Troicki V.|6-4 7-5   
Open Sud de France|ATP250|Hard|1st Round|3|Kukushkin M.|Brugues-Davi A.|Brugues-Davi A.|7-6 3-6 6-7  
Open Sud de France|ATP250|Hard|1st Round|3|Benneteau J.|Ungur A.|Benneteau J.|6-3 4-2   
Open Sud de France|ATP250|Hard|1st Round|3|Roger-Vasselin E.|Ito T.|Ito T.|6-3 6-7 5-7  
Open Sud de France|ATP250|Hard|1st Round|3|Llodra M.|De Schepper K.|Llodra M.|6-3 6-3   
Open Sud de France|ATP250|Hard|2nd Round|3|Davydenko N.|Nieminen J.|Nieminen J.|3-6 6-7   
Open Sud de France|ATP250|Hard|2nd Round|3|Paire B.|Darcis S.|Paire B.|4-6 7-6 6-4  
Open Sud de France|ATP250|Hard|2nd Round|3|Troicki V.|Hajek J.|Hajek J.|0-6 2-4   
Open Sud de France|ATP250|Hard|2nd Round|3|Simon G.|Brugues-Davi A.|Simon G.|7-6 6-2   
Open Sud de France|ATP250|Hard|2nd Round|3|Ito T.|Stakhovsky S.|Stakhovsky S.|7-6 4-6 6-7  
Open Sud de France|ATP250|Hard|2nd Round|3|Llodra M.|Tipsarevic J.|Llodra M.|6-3 7-6   
Open Sud de France|ATP250|Hard|2nd Round|3|Monfils G.|Gasquet R.|Gasquet R.|3-6 6-2 3-6  
Open Sud de France|ATP250|Hard|2nd Round|3|Benneteau J.|Hanescu V.|Benneteau J.|6-4 6-4   
Open Sud de France|ATP250|Hard|Quarterfinals|3|Hajek J.|Llodra M.|Llodra M.|6-7 1-6   
Open Sud de France|ATP250|Hard|Quarterfinals|3|Nieminen J.|Stakhovsky S.|Nieminen J.|4-6 6-3 7-6  
Open Sud de France|ATP250|Hard|Quarterfinals|3|Simon G.|Paire B.|Paire B.|5-7 6-7   
Open Sud de France|ATP250|Hard|Quarterfinals|3|Gasquet R.|Benneteau J.|Gasquet R.|6-1 4-6 6-1  
Open Sud de France|ATP250|Hard|Semifinals|3|Llodra M.|Paire B.|Paire B.|6-4 3-6 1-6  
Open Sud de France|ATP250|Hard|Semifinals|3|Gasquet R.|Nieminen J.|Gasquet R.|6-3 3-6 6-2  
Open Sud de France|ATP250|Hard|The Final|3|Paire B.|Gasquet R.|Gasquet R.|2-6 3-6   
VTR Open|ATP250|Clay|1st Round|3|Giraldo S.|Alund M.|Giraldo S.|4-6 7-5 6-3  
VTR Open|ATP250|Clay|1st Round|3|Mayer L.|Volandri F.|Volandri F.|2-6 1-6   
VTR Open|ATP250|Clay|1st Round|3|Garin C.|Lajovic D.|Garin C.|6-3 6-4   
VTR Open|ATP250|Clay|1st Round|3|Ramirez-Hidalgo R.|Rufin G.|Rufin G.|3-6 4-6   
VTR Open|ATP250|Clay|1st Round|3|Berlocq C.|Kuznetsov An.|Berlocq C.|6-2 6-1   
VTR Open|ATP250|Clay|1st Round|3|Pella G.|Delbonis F.|Delbonis F.|6-2 6-7 6-7  
VTR Open|ATP250|Clay|1st Round|3|Robredo T.|Riba P.|Robredo T.|6-2 6-2   
VTR Open|ATP250|Clay|1st Round|3|Schwartzman D.|Zeballos H.|Zeballos H.|6-1 2-6 2-6  
VTR Open|ATP250|Clay|1st Round|3|Montanes A.|Massu N.|Montanes A.|6-7 6-3 6-4  
VTR Open|ATP250|Clay|1st Round|3|Sousa J.|Gimeno-Traver D.|Gimeno-Traver D.|4-6 6-4 1-6  
VTR Open|ATP250|Clay|1st Round|3|Ramos A.|Dutra Silva R.|Ramos A.|6-4 6-1   
VTR Open|ATP250|Clay|1st Round|3|Naso G.|Lorenzi P.|Lorenzi P.|1-6 4-6   
VTR Open|ATP250|Clay|2nd Round|3|Rufin G.|Monaco J.|Rufin G.|7-6 6-4   
VTR Open|ATP250|Clay|2nd Round|3|Giraldo S.|Berlocq C.|Berlocq C.|5-7 6-4 4-6  
VTR Open|ATP250|Clay|2nd Round|3|Nadal R.|Delbonis F.|Nadal R.|6-3 6-2   
VTR Open|ATP250|Clay|2nd Round|3|Volandri F.|Ramos A.|Ramos A.|7-6 3-6 5-7  
VTR Open|ATP250|Clay|2nd Round|3|Zeballos H.|Andujar P.|Zeballos H.|6-3 6-3   
VTR Open|ATP250|Clay|2nd Round|3|Robredo T.|Lorenzi P.|Lorenzi P.|4-6 4-6   
VTR Open|ATP250|Clay|2nd Round|3|Gimeno-Traver D.|Montanes A.|Gimeno-Traver D.|6-4 6-4   
VTR Open|ATP250|Clay|2nd Round|3|Garin C.|Chardy J.|Chardy J.|6-4 3-6 2-6  
VTR Open|ATP250|Clay|Quarterfinals|3|Berlocq C.|Rufin G.|Berlocq C.|    
VTR Open|ATP250|Clay|Quarterfinals|3|Ramos A.|Zeballos H.|Zeballos H.|1-6 7-5 6-7  
VTR Open|ATP250|Clay|Quarterfinals|3|Nadal R.|Gimeno-Traver D.|Nadal R.|6-1 6-4   
VTR Open|ATP250|Clay|Quarterfinals|3|Lorenzi P.|Chardy J.|Chardy J.|2-6 3-6   
VTR Open|ATP250|Clay|Semifinals|3|Zeballos H.|Berlocq C.|Zeballos H.|6-3 7-6   
VTR Open|ATP250|Clay|Semifinals|3|Chardy J.|Nadal R.|Nadal R.|2-6 2-6   
VTR Open|ATP250|Clay|The Final|3|Zeballos H.|Nadal R.|Zeballos H.|6-7 7-6 6-4  
PBZ Zagreb Indoors|ATP250|Hard|1st Round|3|Viola M.|Klizan M.|Klizan M.|6-4 6-7 1-6  
PBZ Zagreb Indoors|ATP250|Hard|1st Round|3|Devvarman S.|Berrer M.|Devvarman S.|0-6 7-6 4-1  
PBZ Zagreb Indoors|ATP250|Hard|1st Round|3|Mektic N.|Sijsling I.|Sijsling I.|4-6 2-6   
PBZ Zagreb Indoors|ATP250|Hard|1st Round|3|Kavcic B.|Bedene A.|Kavcic B.|6-7 6-3 6-3  
PBZ Zagreb Indoors|ATP250|Hard|1st Round|3|Pavic M.|Petzschner P.|Petzschner P.|5-7 2-6   
PBZ Zagreb Indoors|ATP250|Hard|1st Round|3|Zemlja G.|Bozoljac I.|Zemlja G.|6-7 7-6 6-2  
PBZ Zagreb Indoors|ATP250|Hard|1st Round|3|Dimitrov G.|Karlovic I.|Karlovic I.|6-7 6-7   
PBZ Zagreb Indoors|ATP250|Hard|1st Round|3|Rosol L.|Veger F.|Rosol L.|6-2 6-4   
PBZ Zagreb Indoors|ATP250|Hard|1st Round|3|Lacko L.|Cipolla F.|Cipolla F.|1-1    
PBZ Zagreb Indoors|ATP250|Hard|1st Round|3|Haase R.|Veic A.|Haase R.|2-6 6-3 6-3  
PBZ Zagreb Indoors|ATP250|Hard|1st Round|3|Kamke T.|Baghdatis M.|Baghdatis M.|7-6 2-6 4-6  
PBZ Zagreb Indoors|ATP250|Hard|1st Round|3|Dodig I.|Becker B.|Dodig I.|6-2 7-6   
PBZ Zagreb Indoors|ATP250|Hard|2nd Round|3|Sijsling I.|Youzhny M.|Youzhny M.|3-6 2-6   
PBZ Zagreb Indoors|ATP250|Hard|2nd Round|3|Haase R.|Klizan M.|Haase R.|6-2 4-6 6-4  
PBZ Zagreb Indoors|ATP250|Hard|2nd Round|3|Devvarman S.|Melzer J.|Melzer J.|6-1 6-7 2-6  
PBZ Zagreb Indoors|ATP250|Hard|2nd Round|3|Kavcic B.|Baghdatis M.|Kavcic B.|3-6 7-6 6-4  
PBZ Zagreb Indoors|ATP250|Hard|2nd Round|3|Cipolla F.|Rosol L.|Rosol L.|4-6 6-2 3-6  
PBZ Zagreb Indoors|ATP250|Hard|2nd Round|3|Petzschner P.|Marcan D.|Petzschner P.|6-3 6-4   
PBZ Zagreb Indoors|ATP250|Hard|2nd Round|3|Zemlja G.|Cilic M.|Cilic M.|2-6 3-6   
PBZ Zagreb Indoors|ATP250|Hard|2nd Round|3|Dodig I.|Karlovic I.|Dodig I.|7-6 6-7 6-3  
PBZ Zagreb Indoors|ATP250|Hard|Quarterfinals|3|Rosol L.|Melzer J.|Melzer J.|4-6 4-6   
PBZ Zagreb Indoors|ATP250|Hard|Quarterfinals|3|Haase R.|Petzschner P.|Haase R.|6-4 3-6 6-0  
PBZ Zagreb Indoors|ATP250|Hard|Quarterfinals|3|Dodig I.|Youzhny M.|Youzhny M.|3-6 2-6   
PBZ Zagreb Indoors|ATP250|Hard|Quarterfinals|3|Cilic M.|Kavcic B.|Cilic M.|6-3 7-6   
PBZ Zagreb Indoors|ATP250|Hard|Semifinals|3|Haase R.|Melzer J.|Melzer J.|6-7 3-6   
PBZ Zagreb Indoors|ATP250|Hard|Semifinals|3|Cilic M.|Youzhny M.|Cilic M.|4-6 6-4 6-3  
PBZ Zagreb Indoors|ATP250|Hard|The Final|3|Melzer J.|Cilic M.|Cilic M.|3-6 1-6   
ABN AMRO World Tennis Tournament|ATP500|Hard|1st Round|3|Hanescu V.|Janowicz J.|Hanescu V.|7-6 6-3   
ABN AMRO World Tennis Tournament|ATP500|Hard|1st Round|3|Mathieu P.H.|Klizan M.|Klizan M.|4-6 6-3 5-7  
ABN AMRO World Tennis Tournament|ATP500|Hard|1st Round|3|Viola M.|Granollers M.|Viola M.|5-7 6-3 6-1  
ABN AMRO World Tennis Tournament|ATP500|Hard|1st Round|3|Brands D.|Simon G.|Simon G.|6-7 4-6   
ABN AMRO World Tennis Tournament|ATP500|Hard|1st Round|3|Dimitrov G.|Tomic B.|Dimitrov G.|6-3 3-6 6-3  
ABN AMRO World Tennis Tournament|ATP500|Hard|1st Round|3|Tsonga J.W.|Sijsling I.|Sijsling I.|6-7 6-4 4-6  
ABN AMRO World Tennis Tournament|ATP500|Hard|1st Round|3|Davydenko N.|Mayer F.|Davydenko N.|6-3 6-2   
ABN AMRO World Tennis Tournament|ATP500|Hard|1st Round|3|Youzhny M.|De Bakker T.|De Bakker T.|6-3 6-7 1-4  
ABN AMRO World Tennis Tournament|ATP500|Hard|1st Round|3|Benneteau J.|Kamke T.|Benneteau J.|6-3 6-2   
ABN AMRO World Tennis Tournament|ATP500|Hard|1st Round|3|Haase R.|Gulbis E.|Gulbis E.|2-6 1-6   
ABN AMRO World Tennis Tournament|ATP500|Hard|1st Round|3|Del Potro J.M.|Monfils G.|Del Potro J.M.|6-3 6-4   
ABN AMRO World Tennis Tournament|ATP500|Hard|1st Round|3|Goffin D.|Nieminen J.|Nieminen J.|0-6 0-6   
ABN AMRO World Tennis Tournament|ATP500|Hard|1st Round|3|Bachinger M.|Seppi A.|Bachinger M.|6-3 6-4   
ABN AMRO World Tennis Tournament|ATP500|Hard|1st Round|3|Troicki V.|Gasquet R.|Gasquet R.|6-7 1-6   
ABN AMRO World Tennis Tournament|ATP500|Hard|1st Round|3|Baghdatis M.|Paire B.|Baghdatis M.|6-0 6-7 4-0  
ABN AMRO World Tennis Tournament|ATP500|Hard|1st Round|3|Zemlja G.|Federer R.|Federer R.|3-6 1-6   
ABN AMRO World Tennis Tournament|ATP500|Hard|2nd Round|3|Simon G.|Viola M.|Simon G.|6-3 6-1   
ABN AMRO World Tennis Tournament|ATP500|Hard|2nd Round|3|Hanescu V.|Benneteau J.|Benneteau J.|1-6 3-6   
ABN AMRO World Tennis Tournament|ATP500|Hard|2nd Round|3|Dimitrov G.|Davydenko N.|Dimitrov G.|7-5 6-3   
ABN AMRO World Tennis Tournament|ATP500|Hard|2nd Round|3|Bachinger M.|Nieminen J.|Nieminen J.|3-6 7-5 3-6  
ABN AMRO World Tennis Tournament|ATP500|Hard|2nd Round|3|Baghdatis M.|Gasquet R.|Baghdatis M.|6-4 6-4   
ABN AMRO World Tennis Tournament|ATP500|Hard|2nd Round|3|Gulbis E.|Del Potro J.M.|Del Potro J.M.|6-7 3-6   
ABN AMRO World Tennis Tournament|ATP500|Hard|2nd Round|3|Federer R.|De Bakker T.|Federer R.|6-3 6-4   
ABN AMRO World Tennis Tournament|ATP500|Hard|2nd Round|3|Sijsling I.|Klizan M.|Klizan M.|2-6 4-6   
ABN AMRO World Tennis Tournament|ATP500|Hard|Quarterfinals|3|Dimitrov G.|Baghdatis M.|Dimitrov G.|6-7 7-6 6-3  
ABN AMRO World Tennis Tournament|ATP500|Hard|Quarterfinals|3|Nieminen J.|Del Potro J.M.|Del Potro J.M.|3-6 4-6   
ABN AMRO World Tennis Tournament|ATP500|Hard|Quarterfinals|3|Benneteau J.|Federer R.|Benneteau J.|6-3 7-5   
ABN AMRO World Tennis Tournament|ATP500|Hard|Quarterfinals|3|Klizan M.|Simon G.|Simon G.|7-6 3-6 0-3  
ABN AMRO World Tennis Tournament|ATP500|Hard|Semifinals|3|Del Potro J.M.|Dimitrov G.|Del Potro J.M.|6-4 6-4   
ABN AMRO World Tennis Tournament|ATP500|Hard|Semifinals|3|Simon G.|Benneteau J.|Benneteau J.|4-6 6-7   
ABN AMRO World Tennis Tournament|ATP500|Hard|The Final|3|Del Potro J.M.|Benneteau J.|Del Potro J.M.|7-6 6-3   
SAP Open|ATP250|Hard|1st Round|3|Soeda G.|Malisse X.|Malisse X.|4-6 6-3 3-6  
SAP Open|ATP250|Hard|1st Round|3|Levine J.|Klahn B.|Levine J.|7-5 6-2   
SAP Open|ATP250|Hard|1st Round|3|Donskoy E.|Pospisil V.|Pospisil V.|5-7 1-6   
SAP Open|ATP250|Hard|1st Round|3|Hewitt L.|Kavcic B.|Hewitt L.|3-6 6-4 7-6  
SAP Open|ATP250|Hard|1st Round|3|Harrison R.|Becker B.|Becker B.|7-6 5-7 3-6  
SAP Open|ATP250|Hard|1st Round|3|Matosevic M.|Sock J.|Matosevic M.|7-6 6-1   
SAP Open|ATP250|Hard|1st Round|3|Sweeting R.|Istomin D.|Istomin D.|3-6 4-6   
SAP Open|ATP250|Hard|1st Round|3|Smyczek T.|Verdasco F.|Smyczek T.|6-3 6-3   
SAP Open|ATP250|Hard|1st Round|3|Cipolla F.|Falla A.|Falla A.|6-7 6-7   
SAP Open|ATP250|Hard|1st Round|3|Ebden M.|De Voest R.|Ebden M.|6-2 7-5   
SAP Open|ATP250|Hard|1st Round|3|Young D.|Russell M.|Russell M.|3-6 5-7   
SAP Open|ATP250|Hard|1st Round|3|Johnson S.|Karlovic I.|Johnson S.|6-7 6-4 7-6  
SAP Open|ATP250|Hard|2nd Round|3|Pospisil V.|Isner J.|Isner J.|6-7 6-2 3-6  
SAP Open|ATP250|Hard|2nd Round|3|Haas T.|Levine J.|Haas T.|6-3 6-1   
SAP Open|ATP250|Hard|2nd Round|3|Becker B.|Istomin D.|Istomin D.|3-6 7-6 2-6  
SAP Open|ATP250|Hard|2nd Round|3|Falla A.|Matosevic M.|Falla A.|6-4 6-4   
SAP Open|ATP250|Hard|2nd Round|3|Ebden M.|Malisse X.|Malisse X.|7-5 5-7 6-7  
SAP Open|ATP250|Hard|2nd Round|3|Johnson S.|Smyczek T.|Johnson S.|6-3 6-3   
SAP Open|ATP250|Hard|2nd Round|3|Hewitt L.|Querrey S.|Querrey S.|6-7 6-1 6-7  
SAP Open|ATP250|Hard|2nd Round|3|Raonic M.|Russell M.|Raonic M.|6-2 7-5   
SAP Open|ATP250|Hard|Quarterfinals|3|Johnson S.|Haas T.|Haas T.|4-6 2-6   
SAP Open|ATP250|Hard|Quarterfinals|3|Isner J.|Malisse X.|Isner J.|7-6 6-2   
SAP Open|ATP250|Hard|Quarterfinals|3|Istomin D.|Raonic M.|Raonic M.|6-7 3-6   
SAP Open|ATP250|Hard|Quarterfinals|3|Querrey S.|Falla A.|Querrey S.|6-3 4-6 7-5  
SAP Open|ATP250|Hard|Semifinals|3|Isner J.|Haas T.|Haas T.|3-6 4-6   
SAP Open|ATP250|Hard|Semifinals|3|Raonic M.|Querrey S.|Raonic M.|6-4 6-2   
SAP Open|ATP250|Hard|The Final|3|Haas T.|Raonic M.|Raonic M.|4-6 3-6   
Brasil Open|ATP250|Clay|1st Round|3|Andujar P.|Giraldo S.|Andujar P.|6-4 7-6   
Brasil Open|ATP250|Clay|1st Round|3|Mello R.|Alund M.|Alund M.|4-6 4-6   
Brasil Open|ATP250|Clay|1st Round|3|Bolelli S.|Robredo T.|Bolelli S.|6-2 6-4   
Brasil Open|ATP250|Clay|1st Round|3|Fognini F.|Pella G.|Pella G.|6-7 6-1 1-6  
Brasil Open|ATP250|Clay|1st Round|3|Berlocq C.|Kuznetsov An.|Berlocq C.|6-3 6-4   
Brasil Open|ATP250|Clay|1st Round|3|Garcia-Lopez G.|Ramos A.|Ramos A.|3-6 5-7   
Brasil Open|ATP250|Clay|1st Round|3|Volandri F.|Gimeno-Traver D.|Volandri F.|6-3 3-6 7-6  
Brasil Open|ATP250|Clay|1st Round|3|Clezar G.|Bellucci T.|Bellucci T.|6-7 7-5 6-7  
Brasil Open|ATP250|Clay|1st Round|3|Montanes A.|Lorenzi P.|Montanes A.|6-4 6-4   
Brasil Open|ATP250|Clay|1st Round|3|Ramirez-Hidalgo R.|Souza J.|Souza J.|6-7    
Brasil Open|ATP250|Clay|1st Round|3|Capdeville P.|Zeballos H.|Capdeville P.|6-7 6-0 3-0  
Brasil Open|ATP250|Clay|1st Round|3|Aguilar J.|Nalbandian D.|Nalbandian D.|5-7 7-5 3-6  
Brasil Open|ATP250|Clay|2nd Round|3|Alund M.|Chardy J.|Alund M.|6-4 4-6 7-6  
Brasil Open|ATP250|Clay|2nd Round|3|Monaco J.|Bolelli S.|Bolelli S.|5-7 2-6   
Brasil Open|ATP250|Clay|2nd Round|3|Berlocq C.|Ramos A.|Berlocq C.|7-6 6-4   
Brasil Open|ATP250|Clay|2nd Round|3|Capdeville P.|Almagro N.|Almagro N.|4-6 7-6 2-6  
Brasil Open|ATP250|Clay|2nd Round|3|Montanes A.|Andujar P.|Montanes A.|7-5 6-2   
Brasil Open|ATP250|Clay|2nd Round|3|Bellucci T.|Volandri F.|Volandri F.|3-6 2-6   
Brasil Open|ATP250|Clay|2nd Round|3|Nalbandian D.|Pella G.|Nalbandian D.|6-4 6-2   
Brasil Open|ATP250|Clay|2nd Round|3|Souza J.|Nadal R.|Nadal R.|3-6 4-6   
Brasil Open|ATP250|Clay|Quarterfinals|3|Bolelli S.|Montanes A.|Bolelli S.|6-4 6-4   
Brasil Open|ATP250|Clay|Quarterfinals|3|Volandri F.|Alund M.|Alund M.|5-7 6-7   
Brasil Open|ATP250|Clay|Quarterfinals|3|Nalbandian D.|Almagro N.|Nalbandian D.|7-6 3-6 7-6  
Brasil Open|ATP250|Clay|Quarterfinals|3|Berlocq C.|Nadal R.|Nadal R.|6-3 4-6 4-6  
Brasil Open|ATP250|Clay|Semifinals|3|Nalbandian D.|Bolelli S.|Nalbandian D.|6-3 7-5   
Brasil Open|ATP250|Clay|Semifinals|3|Alund M.|Nadal R.|Nadal R.|3-6 7-6 1-6  
Brasil Open|ATP250|Clay|The Final|3|Nadal R.|Nalbandian D.|Nadal R.|6-2 6-3   
Copa Claro|ATP250|Clay|1st Round|3|Sousa J.|Delbonis F.|Delbonis F.|1-6 4-6   
Copa Claro|ATP250|Clay|1st Round|3|Schwartzman D.|Bellucci T.|Schwartzman D.|6-4 4-6 6-1  
Copa Claro|ATP250|Clay|1st Round|3|Cipolla F.|Ramos A.|Ramos A.|1-6 0-6   
Copa Claro|ATP250|Clay|1st Round|3|Bedene A.|Zeballos H.|Bedene A.|4-6 7-6 6-3  
Copa Claro|ATP250|Clay|1st Round|3|Pella G.|Almagro N.|Almagro N.|3-6 2-6   
Copa Claro|ATP250|Clay|1st Round|3|Robredo T.|Elias G.|Robredo T.|6-3 6-0   
Copa Claro|ATP250|Clay|1st Round|3|Alund M.|Reister J.|Reister J.|5-7 1-6   
Copa Claro|ATP250|Clay|1st Round|3|Kuznetsov An.|Volandri F.|Kuznetsov An.|7-6 6-3   
Copa Claro|ATP250|Clay|1st Round|3|Andujar P.|Montanes A.|Montanes A.|7-5 2-6 4-6  
Copa Claro|ATP250|Clay|1st Round|3|Mayer L.|Bolelli S.|Mayer L.|5-7 6-2 6-3  
Copa Claro|ATP250|Clay|1st Round|3|Lajovic D.|Gimeno-Traver D.|Gimeno-Traver D.|4-6 5-7   
Copa Claro|ATP250|Clay|1st Round|3|Wawrinka S.|Lorenzi P.|Wawrinka S.|6-3 6-3   
Copa Claro|ATP250|Clay|1st Round|3|Velotti A.|Ferrer D.|Ferrer D.|4-6 1-6   
Copa Claro|ATP250|Clay|1st Round|3|Fognini F.|Garcia-Lopez G.|Fognini F.|7-5 6-3   
Copa Claro|ATP250|Clay|1st Round|3|Berlocq C.|Nalbandian D.|Nalbandian D.|3-6 6-2 3-6  
Copa Claro|ATP250|Clay|2nd Round|3|Almagro N.|Kuznetsov An.|Almagro N.|7-6 6-2   
Copa Claro|ATP250|Clay|2nd Round|3|Montanes A.|Delbonis F.|Delbonis F.|1-6 4-6   
Copa Claro|ATP250|Clay|2nd Round|3|Reister J.|Bedene A.|Reister J.|6-1 1-6 6-2  
Copa Claro|ATP250|Clay|2nd Round|3|Trungelliti M.|Fognini F.|Fognini F.|5-7 2-6   
Copa Claro|ATP250|Clay|2nd Round|3|Ramos A.|Mayer L.|Ramos A.|6-3 7-6   
Copa Claro|ATP250|Clay|2nd Round|3|Schwartzman D.|Robredo T.|Robredo T.|3-6 1-6   
Copa Claro|ATP250|Clay|2nd Round|3|Ferrer D.|Nalbandian D.|Ferrer D.|2-6 6-4 6-0  
Copa Claro|ATP250|Clay|2nd Round|3|Gimeno-Traver D.|Wawrinka S.|Wawrinka S.|1-6 4-6   
Copa Claro|ATP250|Clay|Quarterfinals|3|Robredo T.|Reister J.|Robredo T.|6-3 6-2   
Copa Claro|ATP250|Clay|Quarterfinals|3|Fognini F.|Ferrer D.|Ferrer D.|2-6 1-6   
Copa Claro|ATP250|Clay|Quarterfinals|3|Wawrinka S.|Ramos A.|Wawrinka S.|7-6 6-4   
Copa Claro|ATP250|Clay|Quarterfinals|3|Delbonis F.|Almagro N.|Almagro N.|1-6 6-7   
Copa Claro|ATP250|Clay|Semifinals|3|Ferrer D.|Robredo T.|Ferrer D.|6-3 6-2   
Copa Claro|ATP250|Clay|Semifinals|3|Almagro N.|Wawrinka S.|Wawrinka S.|3-6 5-7   
Copa Claro|ATP250|Clay|The Final|3|Ferrer D.|Wawrinka S.|Ferrer D.|6-4 3-6 6-1  
Open 13|ATP250|Hard|1st Round|3|Rosol L.|Janowicz J.|Janowicz J.|2-6 4-6   
Open 13|ATP250|Hard|1st Round|3|Tomic B.|Klizan M.|Tomic B.|4-6 6-3 7-6  
Open 13|ATP250|Hard|1st Round|3|Paire B.|Devvarman S.|Devvarman S.|6-7 7-6 4-6  
Open 13|ATP250|Hard|1st Round|3|Davydenko N.|Stakhovsky S.|Davydenko N.|6-2 4-6 6-2  
Open 13|ATP250|Hard|1st Round|3|Goffin D.|Llodra M.|Llodra M.|2-6 4-6   
Open 13|ATP250|Hard|1st Round|3|Bautista R.|Krajinovic F.|Bautista R.|4-6 7-6 6-0  
Open 13|ATP250|Hard|1st Round|3|Nieminen J.|Gulbis E.|Gulbis E.|3-6 2-6   
Open 13|ATP250|Hard|1st Round|3|Muller G.|Gasquet R.|Muller G.|2-6 6-4 7-6  
Open 13|ATP250|Hard|1st Round|3|Monfils G.|Granollers M.|Granollers M.|4-6 4-6   
Open 13|ATP250|Hard|1st Round|3|Benneteau J.|Pouille L.|Benneteau J.|7-6 6-3   
Open 13|ATP250|Hard|1st Round|3|Roger-Vasselin E.|Tursunov D.|Tursunov D.|5-7 3-6   
Open 13|ATP250|Hard|1st Round|3|Simon G.|Haase R.|Simon G.|7-5 7-5   
Open 13|ATP250|Hard|2nd Round|3|Devvarman S.|Tomic B.|Tomic B.|3-6 5-7   
Open 13|ATP250|Hard|2nd Round|3|Berdych T.|Gulbis E.|Berdych T.|6-4 6-7 6-4  
Open 13|ATP250|Hard|2nd Round|3|Davydenko N.|Tsonga J.W.|Tsonga J.W.|6-7 3-6   
Open 13|ATP250|Hard|2nd Round|3|Muller G.|Granollers M.|Muller G.|7-6 7-6   
Open 13|ATP250|Hard|2nd Round|3|Tipsarevic J.|Tursunov D.|Tursunov D.|6-7 2-6   
Open 13|ATP250|Hard|2nd Round|3|Simon G.|Bautista R.|Simon G.|6-3 6-1   
Open 13|ATP250|Hard|2nd Round|3|Llodra M.|Del Potro J.M.|Del Potro J.M.|6-3 6-7 5-7  
Open 13|ATP250|Hard|2nd Round|3|Janowicz J.|Benneteau J.|Janowicz J.|7-6 6-3   
Open 13|ATP250|Hard|Quarterfinals|3|Muller G.|Tursunov D.|Tursunov D.|6-7 6-1 5-7  
Open 13|ATP250|Hard|Quarterfinals|3|Tsonga J.W.|Tomic B.|Tsonga J.W.|4-6 6-3 7-6  
Open 13|ATP250|Hard|Quarterfinals|3|Janowicz J.|Berdych T.|Berdych T.|3-6 7-6 3-6  
Open 13|ATP250|Hard|Quarterfinals|3|Simon G.|Del Potro J.M.|Simon G.|6-4 6-3   
Open 13|ATP250|Hard|Semifinals|3|Tursunov D.|Berdych T.|Berdych T.|2-6 1-6   
Open 13|ATP250|Hard|Semifinals|3|Tsonga J.W.|Simon G.|Tsonga J.W.|6-2 6-2   
Open 13|ATP250|Hard|The Final|3|Berdych T.|Tsonga J.W.|Tsonga J.W.|6-3 6-7 4-6  
U.S. National Indoor Tennis Championships|ATP500|Hard|1st Round|3|Kubot L.|Harrison R.|Kubot L.|6-4 6-7 7-6  
U.S. National Indoor Tennis Championships|ATP500|Hard|1st Round|3|Dodig I.|Cilic M.|Cilic M.|6-4 2-6 3-6  
U.S. National Indoor Tennis Championships|ATP500|Hard|1st Round|3|Williams R.|Johnson S.|Williams R.|7-6 6-4   
U.S. National Indoor Tennis Championships|ATP500|Hard|1st Round|3|Bogomolov A.|Russell M.|Russell M.|2-6 4-6   
U.S. National Indoor Tennis Championships|ATP500|Hard|1st Round|3|Sijsling I.|Melzer J.|Sijsling I.|6-4 7-6   
U.S. National Indoor Tennis Championships|ATP500|Hard|1st Round|3|Mayer F.|Blake J.|Blake J.|6-4 3-6 2-6  
U.S. National Indoor Tennis Championships|ATP500|Hard|1st Round|3|Querrey S.|Falla A.|Querrey S.|6-3 6-3   
U.S. National Indoor Tennis Championships|ATP500|Hard|1st Round|3|Becker B.|Lopez F.|Lopez F.|6-4 3-6 4-6  
U.S. National Indoor Tennis Championships|ATP500|Hard|1st Round|3|Istomin D.|Isner J.|Istomin D.|6-4 6-3   
U.S. National Indoor Tennis Championships|ATP500|Hard|1st Round|3|Marchenko I.|Nishikori K.|Nishikori K.|4-6 5-7   
U.S. National Indoor Tennis Championships|ATP500|Hard|1st Round|3|Hewitt L.|Lu Y.H.|Hewitt L.|2-6 7-6 6-4  
U.S. National Indoor Tennis Championships|ATP500|Hard|1st Round|3|Malisse X.|Young D.|Young D.|1-5    
U.S. National Indoor Tennis Championships|ATP500|Hard|1st Round|3|Haas T.|Donskoy E.|Haas T.|7-6 6-4   
U.S. National Indoor Tennis Championships|ATP500|Hard|1st Round|3|Soeda G.|Matosevic M.|Matosevic M.|6-7 4-6   
U.S. National Indoor Tennis Championships|ATP500|Hard|1st Round|3|Dolgopolov O.|Phau B.|Dolgopolov O.|6-3 6-4   
U.S. National Indoor Tennis Championships|ATP500|Hard|1st Round|3|Raonic M.|Sock J.|Sock J.|3-6 7-5 5-7  
U.S. National Indoor Tennis Championships|ATP500|Hard|2nd Round|3|Russell M.|Kubot L.|Russell M.|6-2 6-4   
U.S. National Indoor Tennis Championships|ATP500|Hard|2nd Round|3|Hewitt L.|Istomin D.|Istomin D.|1-6 2-6   
U.S. National Indoor Tennis Championships|ATP500|Hard|2nd Round|3|Dolgopolov O.|Williams R.|Dolgopolov O.|6-4 4-6 6-4  
U.S. National Indoor Tennis Championships|ATP500|Hard|2nd Round|3|Sijsling I.|Cilic M.|Cilic M.|6-7 6-3 6-7  
U.S. National Indoor Tennis Championships|ATP500|Hard|2nd Round|3|Nishikori K.|Young D.|Nishikori K.|6-3 6-3   
U.S. National Indoor Tennis Championships|ATP500|Hard|2nd Round|3|Querrey S.|Matosevic M.|Matosevic M.|6-3 4-6 5-7  
U.S. National Indoor Tennis Championships|ATP500|Hard|2nd Round|3|Sock J.|Blake J.|Sock J.|7-5 6-4   
U.S. National Indoor Tennis Championships|ATP500|Hard|2nd Round|3|Haas T.|Lopez F.|Lopez F.|    
U.S. National Indoor Tennis Championships|ATP500|Hard|Quarterfinals|3|Nishikori K.|Cilic M.|Nishikori K.|6-4 6-2   
U.S. National Indoor Tennis Championships|ATP500|Hard|Quarterfinals|3|Dolgopolov O.|Matosevic M.|Matosevic M.|7-6 2-6 4-6  
U.S. National Indoor Tennis Championships|ATP500|Hard|Quarterfinals|3|Lopez F.|Sock J.|Lopez F.|6-4 6-3   
U.S. National Indoor Tennis Championships|ATP500|Hard|Quarterfinals|3|Russell M.|Istomin D.|Istomin D.|4-6 6-7   
U.S. National Indoor Tennis Championships|ATP500|Hard|Semifinals|3|Nishikori K.|Matosevic M.|Nishikori K.|6-4    
U.S. National Indoor Tennis Championships|ATP500|Hard|Semifinals|3|Istomin D.|Lopez F.|Lopez F.|2-6 6-3 3-6  
U.S. National Indoor Tennis Championships|ATP500|Hard|The Final|3|Nishikori K.|Lopez F.|Nishikori K.|6-2 6-3   
Abierto Mexicano|ATP500|Clay|1st Round|3|Garza D.|Alund M.|Alund M.|6-7 5-7   
Abierto Mexicano|ATP500|Clay|1st Round|3|Andujar P.|Lajovic D.|Andujar P.|3-6 7-5 6-2  
Abierto Mexicano|ATP500|Clay|1st Round|3|Melzer J.|Sousa J.|Sousa J.|4-6 3-6   
Abierto Mexicano|ATP500|Clay|1st Round|3|Giraldo S.|Ramirez-Hidalgo R.|Giraldo S.|4-6 6-4 6-4  
Abierto Mexicano|ATP500|Clay|1st Round|3|Reyes-Varela M.A.|Mayer L.|Mayer L.|0-6 6-7   
Abierto Mexicano|ATP500|Clay|1st Round|3|Gimeno-Traver D.|Berlocq C.|Gimeno-Traver D.|6-3 6-2   
Abierto Mexicano|ATP500|Clay|1st Round|3|Ramirez C.|Almagro N.|Almagro N.|0-6 1-6   
Abierto Mexicano|ATP500|Clay|1st Round|3|Odesnik W.|Kubot L.|Odesnik W.|6-3 6-4   
Abierto Mexicano|ATP500|Clay|1st Round|3|Volandri F.|Robredo T.|Robredo T.|2-6 6-2 4-6  
Abierto Mexicano|ATP500|Clay|1st Round|3|Lorenzi P.|Paire B.|Lorenzi P.|4-6 6-3 6-4  
Abierto Mexicano|ATP500|Clay|1st Round|3|Veic A.|Ferrer D.|Ferrer D.|0-6 3-6   
Abierto Mexicano|ATP500|Clay|1st Round|3|Fognini F.|Wawrinka S.|Fognini F.|6-2 7-6   
Abierto Mexicano|ATP500|Clay|1st Round|3|Bellucci T.|Kuznetsov An.|Kuznetsov An.|6-4 4-6 4-6  
Abierto Mexicano|ATP500|Clay|1st Round|3|Zeballos H.|Bolelli S.|Zeballos H.|7-5 6-1   
Abierto Mexicano|ATP500|Clay|1st Round|3|Schwartzman D.|Nadal R.|Nadal R.|2-6 2-6   
Abierto Mexicano|ATP500|Clay|1st Round|3|Bedene A.|Nalbandian D.|Bedene A.|4-6 6-0 6-4  
Abierto Mexicano|ATP500|Clay|2nd Round|3|Sousa J.|Giraldo S.|Giraldo S.|6-7 5-7   
Abierto Mexicano|ATP500|Clay|2nd Round|3|Zeballos H.|Gimeno-Traver D.|Zeballos H.|6-2 6-3   
Abierto Mexicano|ATP500|Clay|2nd Round|3|Bedene A.|Fognini F.|Fognini F.|6-2 4-6 6-7  
Abierto Mexicano|ATP500|Clay|2nd Round|3|Ferrer D.|Odesnik W.|Ferrer D.|6-2 6-1   
Abierto Mexicano|ATP500|Clay|2nd Round|3|Kuznetsov An.|Mayer L.|Mayer L.|2-6 2-6   
Abierto Mexicano|ATP500|Clay|2nd Round|3|Lorenzi P.|Andujar P.|Lorenzi P.|6-4 6-3   
Abierto Mexicano|ATP500|Clay|2nd Round|3|Alund M.|Nadal R.|Nadal R.|0-6 4-6   
Abierto Mexicano|ATP500|Clay|2nd Round|3|Almagro N.|Robredo T.|Almagro N.|6-4 7-6   
Abierto Mexicano|ATP500|Clay|Quarterfinals|3|Lorenzi P.|Ferrer D.|Ferrer D.|3-6 1-6   
Abierto Mexicano|ATP500|Clay|Quarterfinals|3|Fognini F.|Giraldo S.|Fognini F.|7-5 6-4   
Abierto Mexicano|ATP500|Clay|Quarterfinals|3|Zeballos H.|Almagro N.|Almagro N.|3-6 4-6   
Abierto Mexicano|ATP500|Clay|Quarterfinals|3|Nadal R.|Mayer L.|Nadal R.|6-1 7-5   
Abierto Mexicano|ATP500|Clay|Semifinals|3|Fognini F.|Ferrer D.|Ferrer D.|3-6 7-6 1-6  
Abierto Mexicano|ATP500|Clay|Semifinals|3|Nadal R.|Almagro N.|Nadal R.|7-5 6-4   
Abierto Mexicano|ATP500|Clay|The Final|3|Ferrer D.|Nadal R.|Nadal R.|0-6 2-6   
International Championships|ATP250|Hard|1st Round|3|Donskoy E.|Darcis S.|Donskoy E.|7-6 6-3   
International Championships|ATP250|Hard|1st Round|3|Falla A.|Malisse X.|Malisse X.|3-6 3-6   
International Championships|ATP250|Hard|1st Round|3|Dodig I.|Dolgopolov O.|Dodig I.|6-3 6-3   
International Championships|ATP250|Hard|1st Round|3|Russell M.|Querrey S.|Querrey S.|2-6 2-2   
International Championships|ATP250|Hard|1st Round|3|Munoz-De La Nava D.|Harrison R.|Munoz-De La Nava D.|6-2 1-6 6-3  
International Championships|ATP250|Hard|1st Round|3|Cipolla F.|Roger-Vasselin E.|Roger-Vasselin E.|1-6 4-6   
International Championships|ATP250|Hard|1st Round|3|Istomin D.|Becker B.|Istomin D.|6-7 6-4 7-5  
International Championships|ATP250|Hard|1st Round|3|Blake J.|Gulbis E.|Gulbis E.|1-6 4-6   
International Championships|ATP250|Hard|1st Round|3|Sock J.|Ebden M.|Sock J.|6-3 6-3   
International Championships|ATP250|Hard|1st Round|3|Reynolds B.|Lu Y.H.|Lu Y.H.|3-6 5-7   
International Championships|ATP250|Hard|1st Round|3|Berankis R.|Phau B.|Berankis R.|6-1 7-6   
International Championships|ATP250|Hard|1st Round|3|Sijsling I.|Haas T.|Haas T.|7-5 4-6   
International Championships|ATP250|Hard|1st Round|3|Soeda G.|Matosevic M.|Soeda G.|2-6 6-4 7-6  
International Championships|ATP250|Hard|1st Round|3|Smyczek T.|Anderson K.|Anderson K.|3-6 4-6   
International Championships|ATP250|Hard|1st Round|3|Karlovic I.|Nishikori K.|Karlovic I.|5-4    
International Championships|ATP250|Hard|1st Round|3|Levine J.|Isner J.|Isner J.|6-7 7-5 4-6  
International Championships|ATP250|Hard|2nd Round|3|Roger-Vasselin E.|Karlovic I.|Roger-Vasselin E.|6-4 7-5   
International Championships|ATP250|Hard|2nd Round|3|Malisse X.|Munoz-De La Nava D.|Munoz-De La Nava D.|6-7 6-3 3-6  
International Championships|ATP250|Hard|2nd Round|3|Berankis R.|Sock J.|Berankis R.|3-6 6-4 6-1  
International Championships|ATP250|Hard|2nd Round|3|Istomin D.|Haas T.|Haas T.|4-6 1-6   
International Championships|ATP250|Hard|2nd Round|3|Dodig I.|Donskoy E.|Dodig I.|6-3 7-5   
International Championships|ATP250|Hard|2nd Round|3|Querrey S.|Gulbis E.|Gulbis E.|4-6 6-4 6-7  
International Championships|ATP250|Hard|2nd Round|3|Anderson K.|Lu Y.H.|Anderson K.|6-4 3-6 6-3  
International Championships|ATP250|Hard|2nd Round|3|Soeda G.|Isner J.|Isner J.|6-7 2-6   
International Championships|ATP250|Hard|Quarterfinals|3|Gulbis E.|Munoz-De La Nava D.|Gulbis E.|6-1 6-4   
International Championships|ATP250|Hard|Quarterfinals|3|Dodig I.|Haas T.|Haas T.|6-7 6-2 1-6  
International Championships|ATP250|Hard|Quarterfinals|3|Roger-Vasselin E.|Berankis R.|Roger-Vasselin E.|6-4 6-3   
International Championships|ATP250|Hard|Quarterfinals|3|Anderson K.|Isner J.|Isner J.|2-6 6-7   
International Championships|ATP250|Hard|Semifinals|3|Gulbis E.|Haas T.|Gulbis E.|6-3 4-6 7-6  
International Championships|ATP250|Hard|Semifinals|3|Isner J.|Roger-Vasselin E.|Roger-Vasselin E.|4-6 6-4 4-6  
International Championships|ATP250|Hard|The Final|3|Gulbis E.|Roger-Vasselin E.|Gulbis E.|7-6 6-3   
Dubai Tennis Championships|ATP500|Hard|1st Round|3|Goffin D.|Bautista R.|Bautista R.|2-6 5-7   
Dubai Tennis Championships|ATP500|Hard|1st Round|3|Seppi A.|Mathieu P.H.|Seppi A.|6-3 7-5   
Dubai Tennis Championships|ATP500|Hard|1st Round|3|Serra F.|Brands D.|Brands D.|6-7 4-6   
Dubai Tennis Championships|ATP500|Hard|1st Round|3|Rosol L.|Viola M.|Rosol L.|6-3 7-5   
Dubai Tennis Championships|ATP500|Hard|1st Round|3|Kavcic B.|Youzhny M.|Youzhny M.|6-1 1-6 3-6  
Dubai Tennis Championships|ATP500|Hard|1st Round|3|Federer R.|Jaziri M.|Federer R.|5-7 6-0 6-2  
Dubai Tennis Championships|ATP500|Hard|1st Round|3|Kunitsyn I.|Devvarman S.|Devvarman S.|1-6 4-6   
Dubai Tennis Championships|ATP500|Hard|1st Round|3|Kamke T.|Kukushkin M.|Kamke T.|4-6 6-4 6-4  
Dubai Tennis Championships|ATP500|Hard|1st Round|3|Tipsarevic J.|Davydenko N.|Davydenko N.|0-6 5-7   
Dubai Tennis Championships|ATP500|Hard|1st Round|3|Hanescu V.|Tomic B.|Hanescu V.|3-2    
Dubai Tennis Championships|ATP500|Hard|1st Round|3|Montanes A.|Granollers M.|Granollers M.|3-6 1-6   
Dubai Tennis Championships|ATP500|Hard|1st Round|3|Del Potro J.M.|Baghdatis M.|Del Potro J.M.|4-6 6-4 7-6  
Dubai Tennis Championships|ATP500|Hard|1st Round|3|Hajek J.|Tursunov D.|Tursunov D.|6-4 1-6 2-6  
Dubai Tennis Championships|ATP500|Hard|1st Round|3|Berdych T.|Ram R.|Berdych T.|6-1 6-3   
Dubai Tennis Championships|ATP500|Hard|1st Round|3|Troicki V.|Djokovic N.|Djokovic N.|1-6 4-6   
Dubai Tennis Championships|ATP500|Hard|1st Round|3|Llodra M.|Tsonga J.W.|Llodra M.|7-6 6-2   
Dubai Tennis Championships|ATP500|Hard|2nd Round|3|Youzhny M.|Brands D.|Brands D.|4-6 4-6   
Dubai Tennis Championships|ATP500|Hard|2nd Round|3|Davydenko N.|Hanescu V.|Davydenko N.|6-4 7-6   
Dubai Tennis Championships|ATP500|Hard|2nd Round|3|Kamke T.|Berdych T.|Berdych T.|5-7 1-6   
Dubai Tennis Championships|ATP500|Hard|2nd Round|3|Seppi A.|Rosol L.|Seppi A.|6-4 7-6   
Dubai Tennis Championships|ATP500|Hard|2nd Round|3|Devvarman S.|Del Potro J.M.|Del Potro J.M.|4-6 4-6   
Dubai Tennis Championships|ATP500|Hard|2nd Round|3|Tursunov D.|Llodra M.|Tursunov D.|7-6 2-6 6-3  
Dubai Tennis Championships|ATP500|Hard|2nd Round|3|Granollers M.|Federer R.|Federer R.|3-6 4-6   
Dubai Tennis Championships|ATP500|Hard|2nd Round|3|Djokovic N.|Bautista R.|Djokovic N.|6-1 7-6   
Dubai Tennis Championships|ATP500|Hard|Quarterfinals|3|Brands D.|Del Potro J.M.|Del Potro J.M.|4-6 2-6   
Dubai Tennis Championships|ATP500|Hard|Quarterfinals|3|Berdych T.|Tursunov D.|Berdych T.|6-3 6-2   
Dubai Tennis Championships|ATP500|Hard|Quarterfinals|3|Seppi A.|Djokovic N.|Djokovic N.|0-6 3-6   
Dubai Tennis Championships|ATP500|Hard|Quarterfinals|3|Federer R.|Davydenko N.|Federer R.|6-2 6-2   
Dubai Tennis Championships|ATP500|Hard|Semifinals|3|Del Potro J.M.|Djokovic N.|Djokovic N.|3-6 6-7   
Dubai Tennis Championships|ATP500|Hard|Semifinals|3|Berdych T.|Federer R.|Berdych T.|3-6 7-6 6-4  
Dubai Tennis Championships|ATP500|Hard|The Final|3|Berdych T.|Djokovic N.|Djokovic N.|5-7 3-6   
BNP Paribas Open|Masters 1000|Hard|1st Round|3|Paire B.|Kubot L.|Paire B.|5-7 7-5 6-2  
BNP Paribas Open|Masters 1000|Hard|1st Round|3|Troicki V.|Goffin D.|Goffin D.|6-4 3-6 4-6  
BNP Paribas Open|Masters 1000|Hard|1st Round|3|Tomic B.|Bellucci T.|Tomic B.|6-4 6-3   
BNP Paribas Open|Masters 1000|Hard|1st Round|3|Muller G.|Lorenzi P.|Lorenzi P.|5-7 4-6   
BNP Paribas Open|Masters 1000|Hard|1st Round|3|Nieminen J.|Sijsling I.|Nieminen J.|4-6 6-3 6-3  
BNP Paribas Open|Masters 1000|Hard|1st Round|3|Malisse X.|Mayer L.|Mayer L.|2-6 6-3 4-6  
BNP Paribas Open|Masters 1000|Hard|1st Round|3|Nalbandian D.|Granollers M.|Nalbandian D.|6-4 6-2   
BNP Paribas Open|Masters 1000|Hard|1st Round|3|Hanescu V.|Anderson K.|Anderson K.|6-7 3-6   
BNP Paribas Open|Masters 1000|Hard|1st Round|3|Zverev M.|Melzer J.|Zverev M.|3-6 6-3 7-6  
BNP Paribas Open|Masters 1000|Hard|1st Round|3|Baghdatis M.|Brands D.|Brands D.|0-6 6-7   
BNP Paribas Open|Masters 1000|Hard|1st Round|3|Odesnik W.|Bautista R.|Odesnik W.|7-5 7-5   
BNP Paribas Open|Masters 1000|Hard|1st Round|3|Pospisil V.|Istomin D.|Istomin D.|6-7 3-6   
BNP Paribas Open|Masters 1000|Hard|1st Round|3|Hewitt L.|Rosol L.|Hewitt L.|6-4 3-6 6-1  
BNP Paribas Open|Masters 1000|Hard|1st Round|3|Pella G.|Dodig I.|Dodig I.|1-6 2-6   
BNP Paribas Open|Masters 1000|Hard|1st Round|3|Gulbis E.|Lopez F.|Gulbis E.|6-3 6-2   
BNP Paribas Open|Masters 1000|Hard|1st Round|3|Soeda G.|Harrison R.|Harrison R.|0-6 6-4 3-6  
BNP Paribas Open|Masters 1000|Hard|1st Round|3|Andujar P.|Johnson S.|Andujar P.|2-6 6-1 6-4  
BNP Paribas Open|Masters 1000|Hard|1st Round|3|Kuznetsov An.|Ebden M.|Ebden M.|3-6 6-4 4-6  
BNP Paribas Open|Masters 1000|Hard|1st Round|3|Matosevic M.|Robredo T.|Matosevic M.|7-5 6-2   
BNP Paribas Open|Masters 1000|Hard|1st Round|3|Tursunov D.|Petzschner P.|Petzschner P.|4-6 4-6   
BNP Paribas Open|Masters 1000|Hard|1st Round|3|Ramos A.|Zeballos H.|Ramos A.|6-3 6-3   
BNP Paribas Open|Masters 1000|Hard|1st Round|3|Giraldo S.|Berlocq C.|Berlocq C.|0-6 6-2 5-7  
BNP Paribas Open|Masters 1000|Hard|1st Round|3|Donskoy E.|Ito T.|Donskoy E.|6-2 6-1   
BNP Paribas Open|Masters 1000|Hard|1st Round|3|Sock J.|Karlovic I.|Karlovic I.|6-3 6-7 2-6  
BNP Paribas Open|Masters 1000|Hard|1st Round|3|Davydenko N.|Mathieu P.H.|Davydenko N.|7-6 6-2   
BNP Paribas Open|Masters 1000|Hard|1st Round|3|Falla A.|Phau B.|Phau B.|6-7 2-6   
BNP Paribas Open|Masters 1000|Hard|1st Round|3|Blake J.|Haase R.|Blake J.|6-3 6-4   
BNP Paribas Open|Masters 1000|Hard|1st Round|3|Bedene A.|Fognini F.|Fognini F.|4-6 3-6   
BNP Paribas Open|Masters 1000|Hard|1st Round|3|Reynolds B.|Becker B.|Reynolds B.|6-3 3-6 6-4  
BNP Paribas Open|Masters 1000|Hard|1st Round|3|Smyczek T.|Lu Y.H.|Lu Y.H.|6-2 2-6 2-6  
BNP Paribas Open|Masters 1000|Hard|1st Round|3|Gimeno-Traver D.|Lacko L.|Gimeno-Traver D.|6-1 6-4   
BNP Paribas Open|Masters 1000|Hard|1st Round|3|Munoz-De La Nava D.|Llodra M.|Llodra M.|5-7 3-6   
BNP Paribas Open|Masters 1000|Hard|2nd Round|3|Paire B.|Kohlschreiber P.|Paire B.|6-4 6-2   
BNP Paribas Open|Masters 1000|Hard|2nd Round|3|Verdasco F.|Nieminen J.|Nieminen J.|1-6 0-6   
BNP Paribas Open|Masters 1000|Hard|2nd Round|3|Anderson K.|Ferrer D.|Anderson K.|3-6 6-4 6-3  
BNP Paribas Open|Masters 1000|Hard|2nd Round|3|Odesnik W.|Wawrinka S.|Wawrinka S.|6-3 2-6 1-6  
BNP Paribas Open|Masters 1000|Hard|2nd Round|3|Mayer L.|Youzhny M.|Mayer L.|6-2 6-3   
BNP Paribas Open|Masters 1000|Hard|2nd Round|3|Isner J.|Hewitt L.|Hewitt L.|7-6 3-6 4-6  
BNP Paribas Open|Masters 1000|Hard|2nd Round|3|Janowicz J.|Nalbandian D.|Janowicz J.|7-6 4-6 6-3  
BNP Paribas Open|Masters 1000|Hard|2nd Round|3|Lorenzi P.|Simon G.|Simon G.|3-6 6-3 5-7  
BNP Paribas Open|Masters 1000|Hard|2nd Round|3|Federer R.|Istomin D.|Federer R.|6-2 6-3   
BNP Paribas Open|Masters 1000|Hard|2nd Round|3|Benneteau J.|Dodig I.|Dodig I.|4-6 2-6   
BNP Paribas Open|Masters 1000|Hard|2nd Round|3|Seppi A.|Brands D.|Seppi A.|7-5 6-4   
BNP Paribas Open|Masters 1000|Hard|2nd Round|3|Tomic B.|Gasquet R.|Gasquet R.|6-7 2-6   
BNP Paribas Open|Masters 1000|Hard|2nd Round|3|Mayer F.|Goffin D.|Mayer F.|6-4 6-2   
BNP Paribas Open|Masters 1000|Hard|2nd Round|3|Harrison R.|Nadal R.|Nadal R.|6-7 2-6   
BNP Paribas Open|Masters 1000|Hard|2nd Round|3|Gulbis E.|Tipsarevic J.|Gulbis E.|6-2 6-0   
BNP Paribas Open|Masters 1000|Hard|2nd Round|3|Zverev M.|Berdych T.|Berdych T.|2-6 4-6   
BNP Paribas Open|Masters 1000|Hard|2nd Round|3|Raonic M.|Llodra M.|Raonic M.|    
BNP Paribas Open|Masters 1000|Hard|2nd Round|3|Chardy J.|Phau B.|Phau B.|2-6 6-2 4-6  
BNP Paribas Open|Masters 1000|Hard|2nd Round|3|Fish M.|Reynolds B.|Fish M.|6-3 3-6 6-4  
BNP Paribas Open|Masters 1000|Hard|2nd Round|3|Monaco J.|Matosevic M.|Matosevic M.|5-7 0-6   
BNP Paribas Open|Masters 1000|Hard|2nd Round|3|Cilic M.|Ramos A.|Cilic M.|7-6 6-2   
BNP Paribas Open|Masters 1000|Hard|2nd Round|3|Klizan M.|Lu Y.H.|Lu Y.H.|6-7 6-7   
BNP Paribas Open|Masters 1000|Hard|2nd Round|3|Berlocq C.|Dolgopolov O.|Berlocq C.|6-3 6-7 6-3  
BNP Paribas Open|Masters 1000|Hard|2nd Round|3|Donskoy E.|Murray A.|Murray A.|7-5 2-6 2-6  
BNP Paribas Open|Masters 1000|Hard|2nd Round|3|Del Potro J.M.|Davydenko N.|Del Potro J.M.|6-3 6-4   
BNP Paribas Open|Masters 1000|Hard|2nd Round|3|Gimeno-Traver D.|Almagro N.|Almagro N.|5-7 1-6   
BNP Paribas Open|Masters 1000|Hard|2nd Round|3|Haas T.|Andujar P.|Haas T.|6-3 7-6   
BNP Paribas Open|Masters 1000|Hard|2nd Round|3|Petzschner P.|Nishikori K.|Nishikori K.|3-6 2-6   
BNP Paribas Open|Masters 1000|Hard|2nd Round|3|Djokovic N.|Fognini F.|Djokovic N.|6-0 5-7 6-2  
BNP Paribas Open|Masters 1000|Hard|2nd Round|3|Ebden M.|Dimitrov G.|Dimitrov G.|4-6 4-6   
BNP Paribas Open|Masters 1000|Hard|2nd Round|3|Querrey S.|Karlovic I.|Querrey S.|6-3 6-4   
BNP Paribas Open|Masters 1000|Hard|2nd Round|3|Blake J.|Tsonga J.W.|Tsonga J.W.|6-7 4-6   
BNP Paribas Open|Masters 1000|Hard|3rd Round|3|Anderson K.|Nieminen J.|Anderson K.|6-3 6-1   
BNP Paribas Open|Masters 1000|Hard|3rd Round|3|Seppi A.|Gulbis E.|Gulbis E.|7-5 3-6 4-6  
BNP Paribas Open|Masters 1000|Hard|3rd Round|3|Nadal R.|Mayer L.|Nadal R.|    
BNP Paribas Open|Masters 1000|Hard|3rd Round|3|Mayer F.|Berdych T.|Berdych T.|4-6 1-6   
BNP Paribas Open|Masters 1000|Hard|3rd Round|3|Gasquet R.|Janowicz J.|Gasquet R.|6-1 6-4   
BNP Paribas Open|Masters 1000|Hard|3rd Round|3|Dodig I.|Federer R.|Federer R.|3-6 1-6   
BNP Paribas Open|Masters 1000|Hard|3rd Round|3|Simon G.|Paire B.|Simon G.|3-6 7-6 6-4  
BNP Paribas Open|Masters 1000|Hard|3rd Round|3|Hewitt L.|Wawrinka S.|Wawrinka S.|4-6 5-7   
BNP Paribas Open|Masters 1000|Hard|3rd Round|3|Raonic M.|Cilic M.|Raonic M.|3-6 6-4 6-3  
BNP Paribas Open|Masters 1000|Hard|3rd Round|3|Fish M.|Tsonga J.W.|Tsonga J.W.|6-7 6-7   
BNP Paribas Open|Masters 1000|Hard|3rd Round|3|Querrey S.|Matosevic M.|Querrey S.|7-6 6-7 7-5  
BNP Paribas Open|Masters 1000|Hard|3rd Round|3|Almagro N.|Haas T.|Haas T.|3-6 7-6 6-7  
BNP Paribas Open|Masters 1000|Hard|3rd Round|3|Djokovic N.|Dimitrov G.|Djokovic N.|7-6 6-1   
BNP Paribas Open|Masters 1000|Hard|3rd Round|3|Nishikori K.|Berlocq C.|Berlocq C.|2-6 2-6   
BNP Paribas Open|Masters 1000|Hard|3rd Round|3|Del Potro J.M.|Phau B.|Del Potro J.M.|6-2 7-5   
BNP Paribas Open|Masters 1000|Hard|3rd Round|3|Lu Y.H.|Murray A.|Murray A.|3-6 2-6   
BNP Paribas Open|Masters 1000|Hard|4th Round|3|Anderson K.|Simon G.|Anderson K.|6-3 1-6 6-4  
BNP Paribas Open|Masters 1000|Hard|4th Round|3|Raonic M.|Tsonga J.W.|Tsonga J.W.|6-4 5-7 4-6  
BNP Paribas Open|Masters 1000|Hard|4th Round|3|Berdych T.|Gasquet R.|Berdych T.|6-1 7-5   
BNP Paribas Open|Masters 1000|Hard|4th Round|3|Wawrinka S.|Federer R.|Federer R.|3-6 7-6 5-7  
BNP Paribas Open|Masters 1000|Hard|4th Round|3|Murray A.|Berlocq C.|Murray A.|7-6 6-4   
BNP Paribas Open|Masters 1000|Hard|4th Round|3|Gulbis E.|Nadal R.|Nadal R.|6-4 4-6 5-7  
BNP Paribas Open|Masters 1000|Hard|4th Round|3|Del Potro J.M.|Haas T.|Del Potro J.M.|6-1 6-2   
BNP Paribas Open|Masters 1000|Hard|4th Round|3|Querrey S.|Djokovic N.|Djokovic N.|0-6 6-7   
BNP Paribas Open|Masters 1000|Hard|Quarterfinals|3|Berdych T.|Anderson K.|Berdych T.|6-4 6-4   
BNP Paribas Open|Masters 1000|Hard|Quarterfinals|3|Federer R.|Nadal R.|Nadal R.|4-6 2-6   
BNP Paribas Open|Masters 1000|Hard|Quarterfinals|3|Djokovic N.|Tsonga J.W.|Djokovic N.|6-3 6-1   
BNP Paribas Open|Masters 1000|Hard|Quarterfinals|3|Murray A.|Del Potro J.M.|Del Potro J.M.|7-6 3-6 1-6  
BNP Paribas Open|Masters 1000|Hard|Semifinals|3|Nadal R.|Berdych T.|Nadal R.|6-4 7-5   
BNP Paribas Open|Masters 1000|Hard|Semifinals|3|Djokovic N.|Del Potro J.M.|Del Potro J.M.|6-4 4-6 4-6  
BNP Paribas Open|Masters 1000|Hard|The Final|3|Nadal R.|Del Potro J.M.|Nadal R.|4-6 6-3 6-4  
Sony Ericsson Open|Masters 1000|Hard|1st Round|3|Kuznetsov An.|Hanescu V.|Hanescu V.|6-4 3-6 1-4  
Sony Ericsson Open|Masters 1000|Hard|1st Round|3|Rosol L.|Muller G.|Rosol L.|7-5 6-4   
Sony Ericsson Open|Masters 1000|Hard|1st Round|3|Donskoy E.|Devvarman S.|Devvarman S.|6-4 6-7 2-6  
Sony Ericsson Open|Masters 1000|Hard|1st Round|3|Kamke T.|Kavcic B.|Kamke T.|7-6 6-3   
Sony Ericsson Open|Masters 1000|Hard|1st Round|3|Ram R.|Malisse X.|Malisse X.|4-6 7-6 4-6  
Sony Ericsson Open|Masters 1000|Hard|1st Round|3|Llodra M.|Paire B.|Llodra M.|7-6 6-2   
Sony Ericsson Open|Masters 1000|Hard|1st Round|3|Berankis R.|Melzer J.|Melzer J.|6-3 3-6 6-7  
Sony Ericsson Open|Masters 1000|Hard|1st Round|3|Hewitt L.|Sousa J.|Hewitt L.|6-1 7-6   
Sony Ericsson Open|Masters 1000|Hard|1st Round|3|Hajek J.|Ramos A.|Ramos A.|3-6 1-6   
Sony Ericsson Open|Masters 1000|Hard|1st Round|3|Zemlja G.|Bautista R.|Zemlja G.|3-6    
Sony Ericsson Open|Masters 1000|Hard|1st Round|3|Mayer L.|Sijsling I.|Sijsling I.|2-3    
Sony Ericsson Open|Masters 1000|Hard|1st Round|3|Zeballos H.|De Bakker T.|Zeballos H.|6-1 3-6 6-3  
Sony Ericsson Open|Masters 1000|Hard|1st Round|3|Matosevic M.|Sela D.|Sela D.|2-6 6-1 4-6  
Sony Ericsson Open|Masters 1000|Hard|1st Round|3|Davydenko N.|Lorenzi P.|Davydenko N.|6-0 2-6 6-0  
Sony Ericsson Open|Masters 1000|Hard|1st Round|3|Harrison R.|Blake J.|Blake J.|2-6 2-6   
Sony Ericsson Open|Masters 1000|Hard|1st Round|3|Tursunov D.|Smyczek T.|Tursunov D.|7-6 7-5   
Sony Ericsson Open|Masters 1000|Hard|1st Round|3|Copil M.|Rufin G.|Rufin G.|4-6 6-4 1-6  
Sony Ericsson Open|Masters 1000|Hard|1st Round|3|Gimeno-Traver D.|Istomin D.|Gimeno-Traver D.|6-2 6-4   
Sony Ericsson Open|Masters 1000|Hard|1st Round|3|Ginepri R.|Lu Y.H.|Lu Y.H.|5-7 1-6   
Sony Ericsson Open|Masters 1000|Hard|1st Round|3|Rochus O.|Ito T.|Rochus O.|4-6 6-4 3-1  
Sony Ericsson Open|Masters 1000|Hard|1st Round|3|Soeda G.|Falla A.|Falla A.|5-7 1-6   
Sony Ericsson Open|Masters 1000|Hard|1st Round|3|Tomic B.|Gicquel M.|Tomic B.|7-5 7-6   
Sony Ericsson Open|Masters 1000|Hard|1st Round|3|Williams R.|Giraldo S.|Giraldo S.|2-6 4-6   
Sony Ericsson Open|Masters 1000|Hard|1st Round|3|Goffin D.|Haase R.|Goffin D.|7-6 3-6 6-1  
Sony Ericsson Open|Masters 1000|Hard|1st Round|3|Dancevic F.|Kubot L.|Kubot L.|6-4 4-6 3-6  
Sony Ericsson Open|Masters 1000|Hard|1st Round|3|Troicki V.|Andujar P.|Troicki V.|6-2 6-3   
Sony Ericsson Open|Masters 1000|Hard|1st Round|3|Lacko L.|Dodig I.|Dodig I.|6-4 0-6 4-6  
Sony Ericsson Open|Masters 1000|Hard|1st Round|3|Nieminen J.|Nalbandian D.|Nieminen J.|2-6 6-4 6-3  
Sony Ericsson Open|Masters 1000|Hard|1st Round|3|Berlocq C.|Pella G.|Pella G.|1-2    
Sony Ericsson Open|Masters 1000|Hard|1st Round|3|Bolelli S.|Levine J.|Bolelli S.|4-6 6-3 7-6  
Sony Ericsson Open|Masters 1000|Hard|1st Round|3|Becker B.|Bedene A.|Bedene A.|4-6 3-6   
Sony Ericsson Open|Masters 1000|Hard|1st Round|3|Bellucci T.|Brands D.|Bellucci T.|2-6 6-4 6-2  
Sony Ericsson Open|Masters 1000|Hard|2nd Round|3|Chardy J.|Malisse X.|Malisse X.|3-6 2-6   
Sony Ericsson Open|Masters 1000|Hard|2nd Round|3|Nishikori K.|Hanescu V.|Nishikori K.|6-3 6-3   
Sony Ericsson Open|Masters 1000|Hard|2nd Round|3|Sijsling I.|Haas T.|Haas T.|0-6 7-5 3-6  
Sony Ericsson Open|Masters 1000|Hard|2nd Round|3|Melzer J.|Granollers M.|Melzer J.|6-3 6-4   
Sony Ericsson Open|Masters 1000|Hard|2nd Round|3|Mayer F.|Zemlja G.|Zemlja G.|3-6 6-7   
Sony Ericsson Open|Masters 1000|Hard|2nd Round|3|Ramos A.|Monaco J.|Ramos A.|6-2 4-6 6-3  
Sony Ericsson Open|Masters 1000|Hard|2nd Round|3|Tursunov D.|Ferrer D.|Ferrer D.|    
Sony Ericsson Open|Masters 1000|Hard|2nd Round|3|Tipsarevic J.|Sela D.|Tipsarevic J.|6-2 6-4   
Sony Ericsson Open|Masters 1000|Hard|2nd Round|3|Benneteau J.|Blake J.|Blake J.|2-6 3-6   
Sony Ericsson Open|Masters 1000|Hard|2nd Round|3|Fognini F.|Llodra M.|Fognini F.|6-4 6-1   
Sony Ericsson Open|Masters 1000|Hard|2nd Round|3|Davydenko N.|Dolgopolov O.|Dolgopolov O.|2-6 3-6   
Sony Ericsson Open|Masters 1000|Hard|2nd Round|3|Kamke T.|Del Potro J.M.|Kamke T.|7-6 6-1   
Sony Ericsson Open|Masters 1000|Hard|2nd Round|3|Hewitt L.|Simon G.|Simon G.|3-6 3-6   
Sony Ericsson Open|Masters 1000|Hard|2nd Round|3|Anderson K.|Zeballos H.|Anderson K.|6-3 7-6   
Sony Ericsson Open|Masters 1000|Hard|2nd Round|3|Rosol L.|Djokovic N.|Djokovic N.|1-6 0-6   
Sony Ericsson Open|Masters 1000|Hard|2nd Round|3|Devvarman S.|Roger-Vasselin E.|Devvarman S.|4-6 6-4 7-5  
Sony Ericsson Open|Masters 1000|Hard|2nd Round|3|Kubot L.|Querrey S.|Querrey S.|6-4 3-6 3-6  
Sony Ericsson Open|Masters 1000|Hard|2nd Round|3|Goffin D.|Kohlschreiber P.|Goffin D.|7-6 4-6 6-2  
Sony Ericsson Open|Masters 1000|Hard|2nd Round|3|Bedene A.|Seppi A.|Seppi A.|5-7 7-5 5-7  
Sony Ericsson Open|Masters 1000|Hard|2nd Round|3|Gasquet R.|Rochus O.|Gasquet R.|7-5 6-2   
Sony Ericsson Open|Masters 1000|Hard|2nd Round|3|Troicki V.|Tsonga J.W.|Tsonga J.W.|6-7 3-6   
Sony Ericsson Open|Masters 1000|Hard|2nd Round|3|Bellucci T.|Janowicz J.|Bellucci T.|7-6 3-6 6-3  
Sony Ericsson Open|Masters 1000|Hard|2nd Round|3|Klizan M.|Nieminen J.|Nieminen J.|2-6 2-6   
Sony Ericsson Open|Masters 1000|Hard|2nd Round|3|Murray A.|Tomic B.|Murray A.|6-3 6-1   
Sony Ericsson Open|Masters 1000|Hard|2nd Round|3|Bolelli S.|Dimitrov G.|Dimitrov G.|4-6 1-1   
Sony Ericsson Open|Masters 1000|Hard|2nd Round|3|Youzhny M.|Lu Y.H.|Youzhny M.|6-3 1-6 6-0  
Sony Ericsson Open|Masters 1000|Hard|2nd Round|3|Dodig I.|Isner J.|Isner J.|6-4 5-7 6-7  
Sony Ericsson Open|Masters 1000|Hard|2nd Round|3|Almagro N.|Pella G.|Almagro N.|6-0 6-3   
Sony Ericsson Open|Masters 1000|Hard|2nd Round|3|Giraldo S.|Cilic M.|Cilic M.|2-6 6-7   
Sony Ericsson Open|Masters 1000|Hard|2nd Round|3|Berdych T.|Gimeno-Traver D.|Berdych T.|5-7 7-6 6-2  
Sony Ericsson Open|Masters 1000|Hard|2nd Round|3|Rufin G.|Raonic M.|Raonic M.|2-6 4-6   
Sony Ericsson Open|Masters 1000|Hard|2nd Round|3|Falla A.|Verdasco F.|Falla A.|6-3 7-6   
Sony Ericsson Open|Masters 1000|Hard|3rd Round|3|Fognini F.|Ferrer D.|Ferrer D.|1-6 5-7   
Sony Ericsson Open|Masters 1000|Hard|3rd Round|3|Nishikori K.|Malisse X.|Nishikori K.|6-2 7-5   
Sony Ericsson Open|Masters 1000|Hard|3rd Round|3|Dolgopolov O.|Haas T.|Haas T.|3-6 2-6   
Sony Ericsson Open|Masters 1000|Hard|3rd Round|3|Tipsarevic J.|Anderson K.|Tipsarevic J.|4-6 7-6 6-0  
Sony Ericsson Open|Masters 1000|Hard|3rd Round|3|Zemlja G.|Simon G.|Simon G.|4-6 4-6   
Sony Ericsson Open|Masters 1000|Hard|3rd Round|3|Djokovic N.|Devvarman S.|Djokovic N.|6-2 6-4   
Sony Ericsson Open|Masters 1000|Hard|3rd Round|3|Kamke T.|Melzer J.|Melzer J.|7-6 3-6 4-6  
Sony Ericsson Open|Masters 1000|Hard|3rd Round|3|Ramos A.|Blake J.|Ramos A.|6-4 2-6 7-5  
Sony Ericsson Open|Masters 1000|Hard|3rd Round|3|Youzhny M.|Gasquet R.|Gasquet R.|3-6 4-6   
Sony Ericsson Open|Masters 1000|Hard|3rd Round|3|Almagro N.|Goffin D.|Almagro N.|6-3 6-4   
Sony Ericsson Open|Masters 1000|Hard|3rd Round|3|Bellucci T.|Seppi A.|Seppi A.|5-7 6-4 2-6  
Sony Ericsson Open|Masters 1000|Hard|3rd Round|3|Murray A.|Dimitrov G.|Murray A.|7-6 6-3   
Sony Ericsson Open|Masters 1000|Hard|3rd Round|3|Falla A.|Berdych T.|Berdych T.|6-2 6-7 4-6  
Sony Ericsson Open|Masters 1000|Hard|3rd Round|3|Tsonga J.W.|Nieminen J.|Tsonga J.W.|6-3 6-3   
Sony Ericsson Open|Masters 1000|Hard|3rd Round|3|Isner J.|Cilic M.|Cilic M.|3-6 6-7   
Sony Ericsson Open|Masters 1000|Hard|3rd Round|3|Querrey S.|Raonic M.|Querrey S.|    
Sony Ericsson Open|Masters 1000|Hard|4th Round|3|Nishikori K.|Ferrer D.|Ferrer D.|4-6 2-6   
Sony Ericsson Open|Masters 1000|Hard|4th Round|3|Melzer J.|Ramos A.|Melzer J.|2-6 6-3 6-3  
Sony Ericsson Open|Masters 1000|Hard|4th Round|3|Almagro N.|Gasquet R.|Gasquet R.|7-6 5-7 6-7  
Sony Ericsson Open|Masters 1000|Hard|4th Round|3|Murray A.|Seppi A.|Murray A.|6-2 6-4   
Sony Ericsson Open|Masters 1000|Hard|4th Round|3|Querrey S.|Berdych T.|Berdych T.|1-6 1-6   
Sony Ericsson Open|Masters 1000|Hard|4th Round|3|Cilic M.|Tsonga J.W.|Cilic M.|7-5 7-6   
Sony Ericsson Open|Masters 1000|Hard|4th Round|3|Tipsarevic J.|Simon G.|Simon G.|7-5 2-6 2-6  
Sony Ericsson Open|Masters 1000|Hard|4th Round|3|Haas T.|Djokovic N.|Haas T.|6-2 6-4   
Sony Ericsson Open|Masters 1000|Hard|Quarterfinals|3|Melzer J.|Ferrer D.|Ferrer D.|6-4 3-6 0-6  
Sony Ericsson Open|Masters 1000|Hard|Quarterfinals|3|Haas T.|Simon G.|Haas T.|6-3 6-1   
Sony Ericsson Open|Masters 1000|Hard|Quarterfinals|3|Cilic M.|Murray A.|Murray A.|4-6 3-6   
Sony Ericsson Open|Masters 1000|Hard|Quarterfinals|3|Gasquet R.|Berdych T.|Gasquet R.|6-3 6-3   
Sony Ericsson Open|Masters 1000|Hard|Semifinals|3|Haas T.|Ferrer D.|Ferrer D.|6-4 2-6 3-6  
Sony Ericsson Open|Masters 1000|Hard|Semifinals|3|Murray A.|Gasquet R.|Murray A.|6-7 6-1 6-2  
Sony Ericsson Open|Masters 1000|Hard|The Final|3|Ferrer D.|Murray A.|Murray A.|6-2 4-6 6-7  
Grand Prix Hassan II|ATP250|Clay|1st Round|3|Kavcic B.|Ziadi M.|Kavcic B.|6-2 6-4   
Grand Prix Hassan II|ATP250|Clay|1st Round|3|Rufin G.|Robredo T.|Robredo T.|6-7 4-6   
Grand Prix Hassan II|ATP250|Clay|1st Round|3|Garcia-Lopez G.|Gimeno-Traver D.|Garcia-Lopez G.|7-6 3-6 6-3  
Grand Prix Hassan II|ATP250|Clay|1st Round|3|Montanes A.|Roger-Vasselin E.|Roger-Vasselin E.|6-3 4-6 4-6  
Grand Prix Hassan II|ATP250|Clay|1st Round|3|Zemlja G.|Bachinger M.|Zemlja G.|6-7 7-5 7-6  
Grand Prix Hassan II|ATP250|Clay|1st Round|3|Rachidi Y.|Laaksonen H.|Laaksonen H.|3-6 7-6 1-6  
Grand Prix Hassan II|ATP250|Clay|1st Round|3|Kamke T.|Melzer J.|Kamke T.|6-3 6-3   
Grand Prix Hassan II|ATP250|Clay|1st Round|3|Gicquel M.|Bedene A.|Bedene A.|1-6 4-6   
Grand Prix Hassan II|ATP250|Clay|1st Round|3|Volandri F.|Mathieu P.H.|Volandri F.|6-3 7-5   
Grand Prix Hassan II|ATP250|Clay|1st Round|3|Andujar P.|Carreno-Busta P.|Carreno-Busta P.|4-6 6-2 3-6  
Grand Prix Hassan II|ATP250|Clay|1st Round|3|De Schepper K.|Darcis S.|De Schepper K.|6-3 6-4   
Grand Prix Hassan II|ATP250|Clay|1st Round|3|Bautista R.|Haase R.|Haase R.|3-6 6-2 5-7  
Grand Prix Hassan II|ATP250|Clay|2nd Round|3|Garcia-Lopez G.|Roger-Vasselin E.|Garcia-Lopez G.|6-7 7-6 6-2  
Grand Prix Hassan II|ATP250|Clay|2nd Round|3|Kavcic B.|Wawrinka S.|Wawrinka S.|6-4 2-6 1-6  
Grand Prix Hassan II|ATP250|Clay|2nd Round|3|Paire B.|Bedene A.|Paire B.|4-6 6-4 6-3  
Grand Prix Hassan II|ATP250|Clay|2nd Round|3|Kamke T.|Robredo T.|Robredo T.|4-6 5-7   
Grand Prix Hassan II|ATP250|Clay|2nd Round|3|Zemlja G.|Laaksonen H.|Zemlja G.|7-6 6-1   
Grand Prix Hassan II|ATP250|Clay|2nd Round|3|Carreno-Busta P.|Anderson K.|Anderson K.|3-6 3-6   
Grand Prix Hassan II|ATP250|Clay|2nd Round|3|Klizan M.|Volandri F.|Klizan M.|6-4 7-6   
Grand Prix Hassan II|ATP250|Clay|2nd Round|3|De Schepper K.|Haase R.|Haase R.|2-6 7-6 3-6  
Grand Prix Hassan II|ATP250|Clay|Quarterfinals|3|Robredo T.|Paire B.|Robredo T.|7-6 2-6 6-0  
Grand Prix Hassan II|ATP250|Clay|Quarterfinals|3|Garcia-Lopez G.|Wawrinka S.|Wawrinka S.|1-6 2-6   
Grand Prix Hassan II|ATP250|Clay|Quarterfinals|3|Anderson K.|Zemlja G.|Anderson K.|6-4 6-4   
Grand Prix Hassan II|ATP250|Clay|Quarterfinals|3|Haase R.|Klizan M.|Klizan M.|5-7 1-6   
Grand Prix Hassan II|ATP250|Clay|Semifinals|3|Robredo T.|Wawrinka S.|Robredo T.|1-6 6-3 6-2  
Grand Prix Hassan II|ATP250|Clay|Semifinals|3|Klizan M.|Anderson K.|Anderson K.|6-2 4-6 2-6  
Grand Prix Hassan II|ATP250|Clay|The Final|3|Robredo T.|Anderson K.|Robredo T.|7-6 4-6 6-3  
U.S. Men's Clay Court Championships|ATP250|Clay|1st Round|3|Pella G.|Williams R.|Williams R.|5-7 5-7   
U.S. Men's Clay Court Championships|ATP250|Clay|1st Round|3|Monfils G.|Blake J.|Monfils G.|7-6 7-5   
U.S. Men's Clay Court Championships|ATP250|Clay|1st Round|3|Ouanna J.|Smyczek T.|Smyczek T.|1-6 2-6   
U.S. Men's Clay Court Championships|ATP250|Clay|1st Round|3|Cipolla F.|Arguello F.|Cipolla F.|4-6 6-4 7-5  
U.S. Men's Clay Court Championships|ATP250|Clay|1st Round|3|Melzer G.|Lorenzi P.|Lorenzi P.|2-6 2-6   
U.S. Men's Clay Court Championships|ATP250|Clay|1st Round|3|Ginepri R.|Russell M.|Ginepri R.|6-2 6-2   
U.S. Men's Clay Court Championships|ATP250|Clay|1st Round|3|Levine J.|Berankis R.|Berankis R.|7-6 5-7 4-6  
U.S. Men's Clay Court Championships|ATP250|Clay|1st Round|3|Sock J.|Klahn B.|Sock J.|7-6 6-3   
U.S. Men's Clay Court Championships|ATP250|Clay|1st Round|3|Johnson S.|Verdasco F.|Verdasco F.|6-7 2-6   
U.S. Men's Clay Court Championships|ATP250|Clay|1st Round|3|Isner J.|Harrison R.|Isner J.|7-6 6-4   
U.S. Men's Clay Court Championships|ATP250|Clay|1st Round|3|Devvarman S.|Ramirez-Hidalgo R.|Ramirez-Hidalgo R.|6-7 0-6   
U.S. Men's Clay Court Championships|ATP250|Clay|1st Round|3|Alund M.|Hewitt L.|Alund M.|4-6 6-3 6-1  
U.S. Men's Clay Court Championships|ATP250|Clay|2nd Round|3|Cipolla F.|Lorenzi P.|Lorenzi P.|6-7 1-6   
U.S. Men's Clay Court Championships|ATP250|Clay|2nd Round|3|Ramirez-Hidalgo R.|Verdasco F.|Ramirez-Hidalgo R.|6-3 6-2   
U.S. Men's Clay Court Championships|ATP250|Clay|2nd Round|3|Sock J.|Isner J.|Isner J.|5-7 7-6 6-7  
U.S. Men's Clay Court Championships|ATP250|Clay|2nd Round|3|Almagro N.|Monfils G.|Almagro N.|2-6 6-0 6-3  
U.S. Men's Clay Court Championships|ATP250|Clay|2nd Round|3|Alund M.|Ginepri R.|Ginepri R.|2-6 6-4 4-6  
U.S. Men's Clay Court Championships|ATP250|Clay|2nd Round|3|Berankis R.|Haas T.|Berankis R.|6-3 6-3   
U.S. Men's Clay Court Championships|ATP250|Clay|2nd Round|3|Smyczek T.|Monaco J.|Monaco J.|6-7 1-6   
U.S. Men's Clay Court Championships|ATP250|Clay|Quarterfinals|3|Williams R.|Ramirez-Hidalgo R.|Williams R.|7-6 1-6 6-4  
U.S. Men's Clay Court Championships|ATP250|Clay|Quarterfinals|3|Lorenzi P.|Almagro N.|Almagro N.|4-6 4-6   
U.S. Men's Clay Court Championships|ATP250|Clay|Quarterfinals|3|Isner J.|Berankis R.|Isner J.|6-3 3-6 6-3  
U.S. Men's Clay Court Championships|ATP250|Clay|Quarterfinals|3|Ginepri R.|Monaco J.|Monaco J.|1-6 0-6   
U.S. Men's Clay Court Championships|ATP250|Clay|Semifinals|3|Almagro N.|Williams R.|Almagro N.|6-2 6-1   
U.S. Men's Clay Court Championships|ATP250|Clay|Semifinals|3|Monaco J.|Isner J.|Isner J.|6-1 4-6 4-6  
U.S. Men's Clay Court Championships|ATP250|Clay|The Final|3|Isner J.|Almagro N.|Isner J.|6-3 7-5   
Monte Carlo Masters|Masters 1000|Clay|1st Round|3|Bellucci T.|Kohlschreiber P.|Kohlschreiber P.|4-6 2-6   
Monte Carlo Masters|Masters 1000|Clay|1st Round|3|Dolgopolov O.|Tomic B.|Dolgopolov O.|6-2 6-4   
Monte Carlo Masters|Masters 1000|Clay|1st Round|3|Malisse X.|Dimitrov G.|Dimitrov G.|3-6 2-6   
Monte Carlo Masters|Masters 1000|Clay|1st Round|3|Nieminen J.|Troicki V.|Nieminen J.|6-1 6-2   
Monte Carlo Masters|Masters 1000|Clay|1st Round|3|Dodig I.|Paire B.|Paire B.|4-6 4-6   
Monte Carlo Masters|Masters 1000|Clay|1st Round|3|Davydenko N.|Brands D.|Davydenko N.|6-3 6-4   
Monte Carlo Masters|Masters 1000|Clay|1st Round|3|Simon G.|Bautista R.|Bautista R.|3-6 6-7   
Monte Carlo Masters|Masters 1000|Clay|1st Round|3|Andujar P.|Chardy J.|Andujar P.|6-7 7-5 6-2  
Monte Carlo Masters|Masters 1000|Clay|1st Round|3|Haase R.|Roger-Vasselin E.|Roger-Vasselin E.|3-6 2-6   
Monte Carlo Masters|Masters 1000|Clay|1st Round|3|Fognini F.|Seppi A.|Fognini F.|3-6 6-4 6-4  
Monte Carlo Masters|Masters 1000|Clay|1st Round|3|Benneteau J.|Raonic M.|Raonic M.|1-6 4-6   
Monte Carlo Masters|Masters 1000|Clay|1st Round|3|Youzhny M.|Gimeno-Traver D.|Youzhny M.|6-4 6-0   
Monte Carlo Masters|Masters 1000|Clay|1st Round|3|Zeballos H.|Cilic M.|Cilic M.|2-6 7-6 2-6  
Monte Carlo Masters|Masters 1000|Clay|1st Round|3|Matosevic M.|Verdasco F.|Matosevic M.|7-5 6-3   
Monte Carlo Masters|Masters 1000|Clay|1st Round|3|Stepanek R.|Ramos A.|Ramos A.|3-6 3-6   
Monte Carlo Masters|Masters 1000|Clay|1st Round|3|Wawrinka S.|Istomin D.|Wawrinka S.|6-3 7-5   
Monte Carlo Masters|Masters 1000|Clay|1st Round|3|Balleret B.|Mayer F.|Mayer F.|7-5 1-6 2-6  
Monte Carlo Masters|Masters 1000|Clay|1st Round|3|Granollers M.|Hanescu V.|Granollers M.|6-7 6-3 6-1  
Monte Carlo Masters|Masters 1000|Clay|1st Round|3|Janowicz J.|Anderson K.|Anderson K.|5-7 6-7   
Monte Carlo Masters|Masters 1000|Clay|1st Round|3|Melzer J.|Huta Galung J.|Melzer J.|1-6 6-3 6-2  
Monte Carlo Masters|Masters 1000|Clay|1st Round|3|Monfils G.|Montanes A.|Montanes A.|2-6 6-2 4-6  
Monte Carlo Masters|Masters 1000|Clay|1st Round|3|Monaco J.|Klizan M.|Monaco J.|6-4 6-0   
Monte Carlo Masters|Masters 1000|Clay|1st Round|3|Goffin D.|Almagro N.|Almagro N.|6-2 1-6 3-6  
Monte Carlo Masters|Masters 1000|Clay|1st Round|3|Gulbis E.|Isner J.|Gulbis E.|4-6 6-2 6-3  
Monte Carlo Masters|Masters 1000|Clay|2nd Round|3|Tipsarevic J.|Dimitrov G.|Dimitrov G.|6-7 1-6   
Monte Carlo Masters|Masters 1000|Clay|2nd Round|3|Gasquet R.|Paire B.|Gasquet R.|6-1 3-6 6-1  
Monte Carlo Masters|Masters 1000|Clay|2nd Round|3|Andujar P.|Kohlschreiber P.|Kohlschreiber P.|2-6 6-2 6-7  
Monte Carlo Masters|Masters 1000|Clay|2nd Round|3|Tsonga J.W.|Davydenko N.|Tsonga J.W.|7-6 6-2   
Monte Carlo Masters|Masters 1000|Clay|2nd Round|3|Dolgopolov O.|Del Potro J.M.|Del Potro J.M.|6-1 4-6 3-6  
Monte Carlo Masters|Masters 1000|Clay|2nd Round|3|Berdych T.|Granollers M.|Berdych T.|7-5 6-4   
Monte Carlo Masters|Masters 1000|Clay|2nd Round|3|Raonic M.|Nieminen J.|Nieminen J.|3-6 6-1 6-7  
Monte Carlo Masters|Masters 1000|Clay|2nd Round|3|Mayer F.|Bautista R.|Mayer F.|5-7 6-4 6-4  
Monte Carlo Masters|Masters 1000|Clay|2nd Round|3|Anderson K.|Cilic M.|Cilic M.|2-6 3-6   
Monte Carlo Masters|Masters 1000|Clay|2nd Round|3|Nadal R.|Matosevic M.|Nadal R.|6-1 6-2   
Monte Carlo Masters|Masters 1000|Clay|2nd Round|3|Ramos A.|Fognini F.|Fognini F.|3-6 5-7   
Monte Carlo Masters|Masters 1000|Clay|2nd Round|3|Wawrinka S.|Montanes A.|Wawrinka S.|6-1 6-1   
Monte Carlo Masters|Masters 1000|Clay|2nd Round|3|Youzhny M.|Djokovic N.|Djokovic N.|6-4 1-6 4-6  
Monte Carlo Masters|Masters 1000|Clay|2nd Round|3|Melzer J.|Almagro N.|Melzer J.|6-4 6-2   
Monte Carlo Masters|Masters 1000|Clay|2nd Round|3|Gulbis E.|Monaco J.|Monaco J.|0-6 6-3 3-6  
Monte Carlo Masters|Masters 1000|Clay|2nd Round|3|Murray A.|Roger-Vasselin E.|Murray A.|6-1 6-4   
Monte Carlo Masters|Masters 1000|Clay|3rd Round|3|Berdych T.|Fognini F.|Fognini F.|4-6 2-6   
Monte Carlo Masters|Masters 1000|Clay|3rd Round|3|Tsonga J.W.|Melzer J.|Tsonga J.W.|6-3 6-0   
Monte Carlo Masters|Masters 1000|Clay|3rd Round|3|Kohlschreiber P.|Nadal R.|Nadal R.|2-6 4-6   
Monte Carlo Masters|Masters 1000|Clay|3rd Round|3|Dimitrov G.|Mayer F.|Dimitrov G.|6-2 6-4   
Monte Carlo Masters|Masters 1000|Clay|3rd Round|3|Cilic M.|Gasquet R.|Gasquet R.|5-7 4-6   
Monte Carlo Masters|Masters 1000|Clay|3rd Round|3|Wawrinka S.|Murray A.|Wawrinka S.|6-1 6-2   
Monte Carlo Masters|Masters 1000|Clay|3rd Round|3|Monaco J.|Djokovic N.|Djokovic N.|6-4 2-6 2-6  
Monte Carlo Masters|Masters 1000|Clay|3rd Round|3|Nieminen J.|Del Potro J.M.|Nieminen J.|6-4 4-6 7-6  
Monte Carlo Masters|Masters 1000|Clay|Quarterfinals|3|Wawrinka S.|Tsonga J.W.|Tsonga J.W.|6-2 3-6 4-6  
Monte Carlo Masters|Masters 1000|Clay|Quarterfinals|3|Nadal R.|Dimitrov G.|Nadal R.|6-2 2-6 6-4  
Monte Carlo Masters|Masters 1000|Clay|Quarterfinals|3|Gasquet R.|Fognini F.|Fognini F.|6-7 2-6   
Monte Carlo Masters|Masters 1000|Clay|Quarterfinals|3|Djokovic N.|Nieminen J.|Djokovic N.|6-4 6-3   
Monte Carlo Masters|Masters 1000|Clay|Semifinals|3|Tsonga J.W.|Nadal R.|Nadal R.|3-6 6-7   
Monte Carlo Masters|Masters 1000|Clay|Semifinals|3|Djokovic N.|Fognini F.|Djokovic N.|6-2 6-1   
Monte Carlo Masters|Masters 1000|Clay|The Final|3|Nadal R.|Djokovic N.|Djokovic N.|2-6 6-7   
Open Banco Sabadell|ATP500|Clay|1st Round|3|Dodig I.|Bedene A.|Dodig I.|6-7 6-3 6-2  
Open Banco Sabadell|ATP500|Clay|1st Round|3|Sijsling I.|Kuznetsov An.|Kuznetsov An.|1-6 3-6   
Open Banco Sabadell|ATP500|Clay|1st Round|3|Lorenzi P.|Rufin G.|Lorenzi P.|6-4 6-2   
Open Banco Sabadell|ATP500|Clay|1st Round|3|Haase R.|Carreno-Busta P.|Carreno-Busta P.|1-6 6-2 6-7  
Open Banco Sabadell|ATP500|Clay|1st Round|3|Gulbis E.|Stepanek R.|Gulbis E.|7-6 6-2   
Open Banco Sabadell|ATP500|Clay|1st Round|3|Istomin D.|Tursunov D.|Tursunov D.|3-6 4-6   
Open Banco Sabadell|ATP500|Clay|1st Round|3|Olaso G.|Granollers G.|Olaso G.|6-4 1-6 6-4  
Open Banco Sabadell|ATP500|Clay|1st Round|3|Berankis R.|Montanes A.|Montanes A.|4-6 3-6   
Open Banco Sabadell|ATP500|Clay|1st Round|3|Davydenko N.|Carballes Baena R.|Davydenko N.|6-1 6-4   
Open Banco Sabadell|ATP500|Clay|1st Round|3|Zemlja G.|Andujar P.|Andujar P.|7-6 6-7 2-6  
Open Banco Sabadell|ATP500|Clay|1st Round|3|Berlocq C.|Gimeno-Traver D.|Berlocq C.|7-5 6-4   
Open Banco Sabadell|ATP500|Clay|1st Round|3|Hajek J.|Roger-Vasselin E.|Roger-Vasselin E.|2-6 7-6 2-6  
Open Banco Sabadell|ATP500|Clay|1st Round|3|Tomic B.|De Schepper K.|Tomic B.|6-4 4-6 6-2  
Open Banco Sabadell|ATP500|Clay|1st Round|3|Falla A.|Kavcic B.|Kavcic B.|3-6 0-6   
Open Banco Sabadell|ATP500|Clay|1st Round|3|Ramos A.|Struff J.L.|Ramos A.|6-4 7-6   
Open Banco Sabadell|ATP500|Clay|2nd Round|3|Verdasco F.|Gulbis E.|Gulbis E.|3-6 4-6   
Open Banco Sabadell|ATP500|Clay|2nd Round|3|Kohlschreiber P.|Kuznetsov An.|Kohlschreiber P.|6-3 6-7 7-6  
Open Banco Sabadell|ATP500|Clay|2nd Round|3|Davydenko N.|Berdych T.|Berdych T.|6-3 5-7 4-6  
Open Banco Sabadell|ATP500|Clay|2nd Round|3|Chardy J.|Lorenzi P.|Chardy J.|6-2 6-4   
Open Banco Sabadell|ATP500|Clay|2nd Round|3|Olaso G.|Nishikori K.|Nishikori K.|1-6 3-6   
Open Banco Sabadell|ATP500|Clay|2nd Round|3|Bellucci T.|Carreno-Busta P.|Bellucci T.|6-7 6-3 7-5  
Open Banco Sabadell|ATP500|Clay|2nd Round|3|Dimitrov G.|Robredo T.|Robredo T.|5-7 1-6   
Open Banco Sabadell|ATP500|Clay|2nd Round|3|Raonic M.|Roger-Vasselin E.|Raonic M.|6-4 6-2   
Open Banco Sabadell|ATP500|Clay|2nd Round|3|Montanes A.|Klizan M.|Klizan M.|3-6 4-6   
Open Banco Sabadell|ATP500|Clay|2nd Round|3|Tursunov D.|Ferrer D.|Tursunov D.|7-5 3-6 6-1  
Open Banco Sabadell|ATP500|Clay|2nd Round|3|Tomic B.|Monaco J.|Monaco J.|0-6 2-6   
Open Banco Sabadell|ATP500|Clay|2nd Round|3|Granollers M.|Kavcic B.|Granollers M.|6-3 6-1   
Open Banco Sabadell|ATP500|Clay|2nd Round|3|Berlocq C.|Nadal R.|Nadal R.|4-6 2-6   
Open Banco Sabadell|ATP500|Clay|2nd Round|3|Paire B.|Andujar P.|Paire B.|6-4 5-7 6-3  
Open Banco Sabadell|ATP500|Clay|2nd Round|3|Dodig I.|Almagro N.|Almagro N.|1-6 5-7   
Open Banco Sabadell|ATP500|Clay|2nd Round|3|Ramos A.|Janowicz J.|Ramos A.|4-6 6-2 6-3  
Open Banco Sabadell|ATP500|Clay|3rd Round|3|Tursunov D.|Bellucci T.|Bellucci T.|6-4 1-6 3-6  
Open Banco Sabadell|ATP500|Clay|3rd Round|3|Monaco J.|Chardy J.|Monaco J.|6-0 7-6   
Open Banco Sabadell|ATP500|Clay|3rd Round|3|Granollers M.|Almagro N.|Almagro N.|3-6 4-6   
Open Banco Sabadell|ATP500|Clay|3rd Round|3|Kohlschreiber P.|Klizan M.|Kohlschreiber P.|1-6 7-6 7-6  
Open Banco Sabadell|ATP500|Clay|3rd Round|3|Paire B.|Nadal R.|Nadal R.|6-7 2-6   
Open Banco Sabadell|ATP500|Clay|3rd Round|3|Ramos A.|Nishikori K.|Ramos A.|6-4 7-6   
Open Banco Sabadell|ATP500|Clay|3rd Round|3|Gulbis E.|Raonic M.|Raonic M.|2-6 6-7   
Open Banco Sabadell|ATP500|Clay|3rd Round|3|Robredo T.|Berdych T.|Robredo T.|3-6 7-6 6-3  
Open Banco Sabadell|ATP500|Clay|Quarterfinals|3|Bellucci T.|Kohlschreiber P.|Kohlschreiber P.|    
Open Banco Sabadell|ATP500|Clay|Quarterfinals|3|Almagro N.|Monaco J.|Almagro N.|6-3 7-5   
Open Banco Sabadell|ATP500|Clay|Quarterfinals|3|Ramos A.|Nadal R.|Nadal R.|3-6 0-6   
Open Banco Sabadell|ATP500|Clay|Quarterfinals|3|Raonic M.|Robredo T.|Raonic M.|6-7 6-3 7-6  
Open Banco Sabadell|ATP500|Clay|Semifinals|3|Kohlschreiber P.|Almagro N.|Almagro N.|2-6 1-6   
Open Banco Sabadell|ATP500|Clay|Semifinals|3|Nadal R.|Raonic M.|Nadal R.|6-4 6-0   
Open Banco Sabadell|ATP500|Clay|The Final|3|Almagro N.|Nadal R.|Nadal R.|4-6 3-6   
BRD Nastase Tiriac Trophy|ATP250|Clay|1st Round|3|Brands D.|Ito T.|Brands D.|6-3 6-4   
BRD Nastase Tiriac Trophy|ATP250|Clay|1st Round|3|Ungur A.|Goffin D.|Goffin D.|3-6 1-6   
BRD Nastase Tiriac Trophy|ATP250|Clay|1st Round|3|Troicki V.|Matosevic M.|Troicki V.|7-6 6-3   
BRD Nastase Tiriac Trophy|ATP250|Clay|1st Round|3|Mathieu P.H.|Kamke T.|Kamke T.|1-6 3-6   
BRD Nastase Tiriac Trophy|ATP250|Clay|1st Round|3|Nieminen J.|Donskoy E.|Nieminen J.|1-6 6-4 7-6  
BRD Nastase Tiriac Trophy|ATP250|Clay|1st Round|3|Cipolla F.|Mayer F.|Mayer F.|0-6 6-7   
BRD Nastase Tiriac Trophy|ATP250|Clay|1st Round|3|Stakhovsky S.|Pospisil J.|Stakhovsky S.|6-2 6-2   
BRD Nastase Tiriac Trophy|ATP250|Clay|1st Round|3|Muller G.|Rosol L.|Rosol L.|6-7 2-6   
BRD Nastase Tiriac Trophy|ATP250|Clay|1st Round|3|Monfils G.|Volandri F.|Monfils G.|6-4 6-2   
BRD Nastase Tiriac Trophy|ATP250|Clay|1st Round|3|Zeballos H.|Garcia-Lopez G.|Garcia-Lopez G.|6-3 4-6 0-6  
BRD Nastase Tiriac Trophy|ATP250|Clay|1st Round|3|Giraldo S.|Malisse X.|Giraldo S.|6-1 6-2   
BRD Nastase Tiriac Trophy|ATP250|Clay|1st Round|3|Bachinger M.|Hanescu V.|Hanescu V.|4-6 3-6   
BRD Nastase Tiriac Trophy|ATP250|Clay|2nd Round|3|Rosol L.|Seppi A.|Rosol L.|6-1 3-6 6-3  
BRD Nastase Tiriac Trophy|ATP250|Clay|2nd Round|3|Kamke T.|Troicki V.|Troicki V.|4-6 2-6   
BRD Nastase Tiriac Trophy|ATP250|Clay|2nd Round|3|Simon G.|Nieminen J.|Simon G.|4-6 6-4 6-4  
BRD Nastase Tiriac Trophy|ATP250|Clay|2nd Round|3|Monfils G.|Brands D.|Brands D.|6-7 0-2   
BRD Nastase Tiriac Trophy|ATP250|Clay|2nd Round|3|Mayer F.|Goffin D.|Mayer F.|7-6 1-6 6-3  
BRD Nastase Tiriac Trophy|ATP250|Clay|2nd Round|3|Youzhny M.|Hanescu V.|Hanescu V.|4-6 3-6   
BRD Nastase Tiriac Trophy|ATP250|Clay|2nd Round|3|Garcia-Lopez G.|Stakhovsky S.|Garcia-Lopez G.|1-6 6-3 6-4  
BRD Nastase Tiriac Trophy|ATP250|Clay|2nd Round|3|Giraldo S.|Tipsarevic J.|Tipsarevic J.|3-6 3-6   
BRD Nastase Tiriac Trophy|ATP250|Clay|Quarterfinals|3|Simon G.|Brands D.|Simon G.|6-1 7-5   
BRD Nastase Tiriac Trophy|ATP250|Clay|Quarterfinals|3|Troicki V.|Rosol L.|Rosol L.|3-6 1-6   
BRD Nastase Tiriac Trophy|ATP250|Clay|Quarterfinals|3|Garcia-Lopez G.|Tipsarevic J.|Garcia-Lopez G.|6-3 3-6 6-4  
BRD Nastase Tiriac Trophy|ATP250|Clay|Quarterfinals|3|Hanescu V.|Mayer F.|Mayer F.|3-6 6-7   
BRD Nastase Tiriac Trophy|ATP250|Clay|Semifinals|3|Rosol L.|Simon G.|Rosol L.|6-2 6-3   
BRD Nastase Tiriac Trophy|ATP250|Clay|Semifinals|3|Mayer F.|Garcia-Lopez G.|Garcia-Lopez G.|4-6 6-4 3-6  
BRD Nastase Tiriac Trophy|ATP250|Clay|The Final|3|Rosol L.|Garcia-Lopez G.|Rosol L.|6-3 6-2   
BMW Open|ATP250|Clay|1st Round|3|Davydenko N.|Dodig I.|Dodig I.|4-6 4-6   
BMW Open|ATP250|Clay|1st Round|3|Brands D.|Kamke T.|Brands D.|5-7 6-4 6-3  
BMW Open|ATP250|Clay|1st Round|3|Mathieu P.H.|Tursunov D.|Tursunov D.|3-6 4-6   
BMW Open|ATP250|Clay|1st Round|3|Matosevic M.|Krawietz K.|Matosevic M.|6-2 6-4   
BMW Open|ATP250|Clay|1st Round|3|Nieminen J.|Gulbis E.|Gulbis E.|4-6 2-6   
BMW Open|ATP250|Clay|1st Round|3|Stepanek R.|Youzhny M.|Stepanek R.|6-4 5-7 6-4  
BMW Open|ATP250|Clay|1st Round|3|Millman J.|Zemlja G.|Zemlja G.|2-6 2-6   
BMW Open|ATP250|Clay|1st Round|3|Troicki V.|Bachinger M.|Troicki V.|6-3 6-2   
BMW Open|ATP250|Clay|1st Round|3|Kubot L.|Mayer F.|Mayer F.|6-7 6-4 5-7  
BMW Open|ATP250|Clay|1st Round|3|Dolgopolov O.|Stakhovsky S.|Dolgopolov O.|6-4 6-2   
BMW Open|ATP250|Clay|1st Round|3|Baghdatis M.|Korolev E.|Korolev E.|5-7 6-7   
BMW Open|ATP250|Clay|1st Round|3|Monfils G.|Melzer J.|Monfils G.|6-3 6-3   
BMW Open|ATP250|Clay|2nd Round|3|Cilic M.|Dodig I.|Dodig I.|4-6 2-6   
BMW Open|ATP250|Clay|2nd Round|3|Troicki V.|Stepanek R.|Troicki V.|6-4 6-4   
BMW Open|ATP250|Clay|2nd Round|3|Korolev E.|Kohlschreiber P.|Kohlschreiber P.|2-6 4-6   
BMW Open|ATP250|Clay|2nd Round|3|Dolgopolov O.|Tursunov D.|Dolgopolov O.|7-6 7-6   
BMW Open|ATP250|Clay|2nd Round|3|Matosevic M.|Mayer F.|Mayer F.|6-2 4-6 2-6  
BMW Open|ATP250|Clay|2nd Round|3|Haas T.|Gulbis E.|Haas T.|6-4 6-7 6-1  
BMW Open|ATP250|Clay|2nd Round|3|Zemlja G.|Tipsarevic J.|Tipsarevic J.|4-6 2-6   
BMW Open|ATP250|Clay|2nd Round|3|Brands D.|Monfils G.|Brands D.|6-3 3-6 6-0  
BMW Open|ATP250|Clay|Quarterfinals|3|Dolgopolov O.|Dodig I.|Dodig I.|4-6 4-6   
BMW Open|ATP250|Clay|Quarterfinals|3|Haas T.|Mayer F.|Haas T.|6-4 6-1   
BMW Open|ATP250|Clay|Quarterfinals|3|Troicki V.|Kohlschreiber P.|Kohlschreiber P.|3-6 6-7   
BMW Open|ATP250|Clay|Quarterfinals|3|Brands D.|Tipsarevic J.|Brands D.|6-3 4-6 6-4  
BMW Open|ATP250|Clay|Semifinals|3|Dodig I.|Haas T.|Haas T.|4-6 3-6   
BMW Open|ATP250|Clay|Semifinals|3|Kohlschreiber P.|Brands D.|Kohlschreiber P.|6-7 6-3 7-6  
BMW Open|ATP250|Clay|The Final|3|Kohlschreiber P.|Haas T.|Haas T.|3-6 6-7   
Portugal Open|ATP250|Clay|1st Round|3|Goffin D.|Sousa P.|Goffin D.|7-6 4-6 6-4  
Portugal Open|ATP250|Clay|1st Round|3|Donskoy E.|Istomin D.|Istomin D.|6-2 6-7 4-6  
Portugal Open|ATP250|Clay|1st Round|3|Paire B.|Sijsling I.|Paire B.|7-6 6-3   
Portugal Open|ATP250|Clay|1st Round|3|Muller G.|Roger-Vasselin E.|Roger-Vasselin E.|1-6    
Portugal Open|ATP250|Clay|1st Round|3|Carreno-Busta P.|Benneteau J.|Carreno-Busta P.|6-3 6-4   
Portugal Open|ATP250|Clay|1st Round|3|Kuznetsov An.|Falla A.|Falla A.|5-7 4-6   
Portugal Open|ATP250|Clay|1st Round|3|Ramos A.|Berlocq C.|Ramos A.|7-6 2-6 6-3  
Portugal Open|ATP250|Clay|1st Round|3|Machado R.|Hanescu V.|Hanescu V.|4-6 4-6   
Portugal Open|ATP250|Clay|1st Round|3|Lorenzi P.|Desein N.|Lorenzi P.|6-3 4-6 6-2  
Portugal Open|ATP250|Clay|1st Round|3|Andujar P.|Haase R.|Haase R.|6-4 2-6 3-6  
Portugal Open|ATP250|Clay|1st Round|3|Robredo T.|Gimeno-Traver D.|Robredo T.|2-6 7-5 6-3  
Portugal Open|ATP250|Clay|1st Round|3|Zeballos H.|Elias G.|Elias G.|3-6 4-6   
Portugal Open|ATP250|Clay|2nd Round|3|Hanescu V.|Paire B.|Hanescu V.|7-6 6-4   
Portugal Open|ATP250|Clay|2nd Round|3|Roger-Vasselin E.|Ferrer D.|Ferrer D.|4-6 6-4 3-6  
Portugal Open|ATP250|Clay|2nd Round|3|Fognini F.|Lorenzi P.|Fognini F.|7-6 5-7 6-4  
Portugal Open|ATP250|Clay|2nd Round|3|Goffin D.|Carreno-Busta P.|Carreno-Busta P.|6-1 2-6 2-6  
Portugal Open|ATP250|Clay|2nd Round|3|Elias G.|Istomin D.|Elias G.|3-6 6-1 6-4  
Portugal Open|ATP250|Clay|2nd Round|3|Ramos A.|Wawrinka S.|Wawrinka S.|6-1 3-6 4-6  
Portugal Open|ATP250|Clay|2nd Round|3|Robredo T.|Haase R.|Robredo T.|6-4 6-4   
Portugal Open|ATP250|Clay|2nd Round|3|Falla A.|Seppi A.|Seppi A.|4-6 0-6   
Portugal Open|ATP250|Clay|Quarterfinals|3|Wawrinka S.|Elias G.|Wawrinka S.|6-4 6-4   
Portugal Open|ATP250|Clay|Quarterfinals|3|Fognini F.|Carreno-Busta P.|Carreno-Busta P.|6-3 4-6 4-6  
Portugal Open|ATP250|Clay|Quarterfinals|3|Ferrer D.|Hanescu V.|Ferrer D.|6-4 7-6   
Portugal Open|ATP250|Clay|Quarterfinals|3|Robredo T.|Seppi A.|Seppi A.|4-6 3-6   
Portugal Open|ATP250|Clay|Semifinals|3|Wawrinka S.|Carreno-Busta P.|Wawrinka S.|6-3 3-6 6-1  
Portugal Open|ATP250|Clay|Semifinals|3|Seppi A.|Ferrer D.|Ferrer D.|1-6 4-6   
Portugal Open|ATP250|Clay|The Final|3|Wawrinka S.|Ferrer D.|Wawrinka S.|6-1 6-4 2-0  
